"Promotion ID","Advertiser","Advertiser ID","Type","Code","Description","Starts","Ends","Categories","Regions","Terms","Deeplink Tracking","Deeplink","Commission Groups","Commission","Exclusive","Date Added","Title","Campaign"
"4017923","Centauro BR","17806","promotion","","Sunga Adidas Solid por 69.99 com cupom ADIDAS30","21/07/2026 00:00:00","22/07/2026 23:59:59","Clothing & Accessories","Brazil","...","https://www.awin1.com/cread.php?awinmid=17806&awinaffid=2104315&ued=https%3A%2F%2Fwww.centauro.com.br%2Fsunga-adulto-adidas-solid-993794.html%3Fcor%3D02","https://www.centauro.com.br/sunga-adulto-adidas-solid-993794.html?cor=02","","","no","21/07/2026 16:28:55","Sunga Adidas Solid por 69.99 com cupom ADIDAS30",""
"4017921","Centauro BR","17806","promotion","","Calça Adidas Sereno LS Masculina por R$ 166 + 30% OFF com cupom ADIDAS30","22/07/2026 00:00:00","22/07/2026 23:59:59","Clothing & Accessories","Brazil","...","https://www.awin1.com/cread.php?awinmid=17806&awinaffid=2104315&ued=https%3A%2F%2Fwww.centauro.com.br%2Fcalca-sereno-ls-adidas-masculina-9974EK.html%3Fcor%3D31","https://www.centauro.com.br/calca-sereno-ls-adidas-masculina-9974EK.html?cor=31","","","no","21/07/2026 16:28:45","Calça Adidas Sereno LS Masculina por R$ 166 + 30% OFF com cupom ADIDAS30",""
"4017919","Centauro BR","17806","promotion","","Gel Z2 Dobro Leve 4 Pague 3 com cupom DOBRO","21/07/2026 00:00:00","22/07/2026 23:59:59","Health & Beauty","Brazil","...","https://www.awin1.com/cread.php?awinmid=17806&awinaffid=2104315&ued=https%3A%2F%2Fwww.centauro.com.br%2Fhotsite%2F4por3","https://www.centauro.com.br/hotsite/4por3","","","no","21/07/2026 16:28:34","Gel Z2 Dobro Leve 4 Pague 3 com cupom DOBRO",""
"4017917","Centauro BR","17806","promotion","","Creatina Guday Maçã Verde 60 Gomas + 10% OFF com cupom de afiliado","21/07/2026 00:00:00","22/07/2026 23:59:59","Health & Beauty","Brazil","...","https://www.awin1.com/cread.php?awinmid=17806&awinaffid=2104315&ued=https%3A%2F%2Fwww.centauro.com.br%2Fcreatina-guday-maca-verde-60-gomas-9973C5.html","https://www.centauro.com.br/creatina-guday-maca-verde-60-gomas-9973C5.html","","","no","21/07/2026 16:28:14","Creatina Guday Maçã Verde 60 Gomas + 10% OFF com cupom de afiliado",""
"4017535","Fastshop BR","17590","voucher","ART5","5% OFF em itens selecioadados da Artmobilia","21/07/2026 00:00:00","31/07/2026 23:00:00","Home & Garden","Brazil","..","https://www.awin1.com/cread.php?awinmid=17590&awinaffid=2104315&ued=https%3A%2F%2Fsite.fastshop.com.br%2Fcolecao%2F4286","https://site.fastshop.com.br/colecao/4286","","","no","21/07/2026 12:36:24","5% OFF em itens selecioadados da Artmobilia",""
"4017531","Fastshop BR","17590","voucher","PET5","5% OFF em itens selecioadados da Woolie","21/07/2026 00:00:00","31/07/2026 23:00:00","Home & Garden","Brazil","..","https://www.awin1.com/cread.php?awinmid=17590&awinaffid=2104315&ued=https%3A%2F%2Fsite.fastshop.com.br%2Fcolecao%2F4285","https://site.fastshop.com.br/colecao/4285","","","no","21/07/2026 12:36:13","5% OFF em itens selecioadados da Woolie",""
"4015217","C&A BR","17648","promotion","","Os Jeans Mais Icônicos Mind7","21/07/2026 00:00:00","28/07/2026 23:59:59","Clothing & Accessories","Brazil","..","https://www.awin1.com/cread.php?awinmid=17648&awinaffid=2104315&ued=https%3A%2F%2Fwww.cea.com.br%2Fmindset%2Fjeans","https://www.cea.com.br/mindset/jeans","","","no","20/07/2026 16:55:47","Os Jeans Mais Icônicos Mind7",""
"4015215","C&A BR","17648","promotion","","Combo de Calçados: 2 por R$ 189","21/07/2026 00:00:00","28/07/2026 23:59:59","Clothing & Accessories","Brazil","..","https://www.awin1.com/cread.php?awinmid=17648&awinaffid=2104315&ued=https%3A%2F%2Fwww.cea.com.br%2Fcalcados%2Fofertas%2F2-calcados-por-189","https://www.cea.com.br/calcados/ofertas/2-calcados-por-189","","","no","20/07/2026 16:55:35","Combo de Calçados: 2 por R$ 189",""
"4015213","C&A BR","17648","promotion","","Kits e Conjuntos Infantis","21/07/2026 00:00:00","28/07/2026 23:59:59","Clothing & Accessories","Brazil","..","https://www.awin1.com/cread.php?awinmid=17648&awinaffid=2104315&ued=https%3A%2F%2Fwww.cea.com.br%2Finfantil%2Fkits-e-conjuntos","https://www.cea.com.br/infantil/kits-e-conjuntos","","","no","20/07/2026 16:55:24","Kits e Conjuntos Infantis",""
"4015211","C&A BR","17648","promotion","","Looks esportivos até 50% OFF","21/07/2026 00:00:00","28/07/2026 23:59:59","Clothing & Accessories","Brazil","..","https://www.awin1.com/cread.php?awinmid=17648&awinaffid=2104315&ued=https%3A%2F%2Fwww.cea.com.br%2Fofertas%2Fliquida%2Fesportivo","https://www.cea.com.br/ofertas/liquida/esportivo","","","no","20/07/2026 16:55:14","Looks esportivos até 50% OFF",""
"4015209","C&A BR","17648","promotion","","Essecence - Lançamento Beleza","21/07/2026 00:00:00","28/07/2026 23:59:59","Clothing & Accessories","Brazil","..","https://www.awin1.com/cread.php?awinmid=17648&awinaffid=2104315&ued=https%3A%2F%2Fwww.cea.com.br%2Fbeleza%2Fessence","https://www.cea.com.br/beleza/essence","","","no","20/07/2026 16:55:03","Essecence - Lançamento Beleza",""
"4015207","C&A BR","17648","promotion","","Tal Pai, Tal Flho","21/07/2026 00:00:00","28/07/2026 23:59:59","Clothing & Accessories","Brazil","..","https://www.awin1.com/cread.php?awinmid=17648&awinaffid=2104315&ued=https%3A%2F%2Fwww.cea.com.br%2Fdia-dos-pais%2Ftal-pai-tal-filho","https://www.cea.com.br/dia-dos-pais/tal-pai-tal-filho","","","no","20/07/2026 16:54:52","Tal Pai, Tal Flho",""
"4015205","C&A BR","17648","promotion","","Renove Sua Lingerie - 3 por R$99","21/07/2026 00:00:00","28/07/2026 23:59:59","Clothing & Accessories","Brazil","..","https://www.awin1.com/cread.php?awinmid=17648&awinaffid=2104315&ued=https%3A%2F%2Fwww.cea.com.br%2Fcombos%2Fmoda-feminina%2Fmoda-intima%2Flingeries","https://www.cea.com.br/combos/moda-feminina/moda-intima/lingeries","","","no","20/07/2026 16:54:42","Renove Sua Lingerie - 3 por R$99",""
"4015203","C&A BR","17648","promotion","","Dia dos Pais É Na C&A","21/07/2026 00:00:00","28/07/2026 23:59:59","Clothing & Accessories","Brazil","..","https://www.awin1.com/cread.php?awinmid=17648&awinaffid=2104315&ued=https%3A%2F%2Fwww.cea.com.br%2Fdia-dos-pais","https://www.cea.com.br/dia-dos-pais","","","no","20/07/2026 16:54:30","Dia dos Pais É Na C&A",""
"4015187","Nike BR","17652","voucher","ULTIMAS30","30% OFF extra nas últimas unidades dos produtos mais vendidos da Nike aproveite descontos especiais em itens selecionados por tempo limitado","20/07/2026 00:00:00","23/07/2026 23:59:59","Clothing & Accessories","Brazil","..","https://www.awin1.com/cread.php?awinmid=17652&awinaffid=2104315&ued=https%3A%2F%2Fwww.nike.com.br%2Fhotsite%2Fultimas30","https://www.nike.com.br/hotsite/ultimas30","","","no","20/07/2026 16:35:19","30% OFF extra nas últimas unidades dos produtos mais vendidos da Nike aproveite descontos especiais em itens selecionados por tempo limitado",""
"4015179","C&A BR","17648","voucher","PERFUME20","Suas Fragrâncias Favoritas Com 20% Off","20/07/2026 00:00:00","04/08/2026 23:59:59","Clothing & Accessories","Brazil","..","https://www.awin1.com/cread.php?awinmid=17648&awinaffid=2104315&ued=https%3A%2F%2Fwww.cea.com.br%2Fbeleza%2Fofertas%2Fperfumes-famosos","https://www.cea.com.br/beleza/ofertas/perfumes-famosos","","","no","20/07/2026 16:34:24","Suas Fragrâncias Favoritas Com 20% Off",""
"4015177","C&A BR","17648","voucher","MAISPROG","2 peças = 15% OFF | 3 peças ou mais = 25% OFF","20/07/2026 00:00:00","04/08/2026 23:59:59","Clothing & Accessories","Brazil","..","https://www.awin1.com/cread.php?awinmid=17648&awinaffid=2104315&ued=https%3A%2F%2Fwww.cea.com.br%2Fofertas%2Foportunidades-imperdiveis","https://www.cea.com.br/ofertas/oportunidades-imperdiveis","","","no","20/07/2026 16:34:14","2 peças = 15% OFF | 3 peças ou mais = 25% OFF",""
"4015175","C&A BR","17648","voucher","INVERNO35","Favoritos de Inverno 35% Off","20/07/2026 00:00:00","05/08/2026 23:59:59","Clothing & Accessories","Brazil","..","https://www.awin1.com/cread.php?awinmid=17648&awinaffid=2104315&ued=https%3A%2F%2Fwww.cea.com.br%2Fofertas%2Finverno","https://www.cea.com.br/ofertas/inverno","","","no","20/07/2026 16:34:02","Favoritos de Inverno 35% Off",""
"4015173","C&A BR","17648","voucher","BELEZA","Beleza com 30% OFF","20/07/2026 00:00:00","04/08/2026 23:59:59","Clothing & Accessories","Brazil","..","https://www.awin1.com/cread.php?awinmid=17648&awinaffid=2104315&ued=https%3A%2F%2Fwww.cea.com.br%2Fbeleza%2Fofertas","https://www.cea.com.br/beleza/ofertas","","","no","20/07/2026 16:33:50","Beleza com 30% OFF",""
"4015171","C&A BR","17648","voucher","JEANS","Jeans 25% Off","20/07/2026 00:00:00","04/08/2026 23:59:59","Clothing & Accessories","Brazil","..","https://www.awin1.com/cread.php?awinmid=17648&awinaffid=2104315&ued=https%3A%2F%2Fwww.cea.com.br%2Fofertas%2F25-off","https://www.cea.com.br/ofertas/25-off","","","no","20/07/2026 16:33:37","Jeans 25% Off",""
"4015167","Mizuno BR","51271","promotion","","Dia dos Pais Mizuno - Cupons de até R$80 Off","20/07/2026 00:00:00","03/08/2026 23:59:59","Clothing & Accessories","Brazil","...","https://www.awin1.com/cread.php?awinmid=51271&awinaffid=2104315&ued=https%3A%2F%2Fwww.mizuno.com.br%2Fdia-dos-pais","https://www.mizuno.com.br/dia-dos-pais","","","no","20/07/2026 16:24:47","Dia dos Pais Mizuno - Cupons de até R$80 Off",""
"4014883","Mizuno BR","51271","voucher","PROMOVEST","15% OFF em vestuário Mizuno aproveite peças com conforto tecnologia e estilo para treinos e atividades esportivas garanta o desconto especial por tempo limitado","20/07/2026 00:00:00","25/07/2026 23:59:59","Clothing & Accessories","Brazil","..","https://www.awin1.com/cread.php?awinmid=51271&awinaffid=2104315&ued=https%3A%2F%2Fwww.mizuno.com.br%2Fafiliados-promoimperdivel","https://www.mizuno.com.br/afiliados-promoimperdivel","","","no","20/07/2026 13:08:36","15% OFF em vestuário Mizuno aproveite peças com conforto tecnologia e estilo para treinos e atividades esportivas garanta o desconto especial por tempo limitado",""
"4014829","Centauro BR","17806","promotion","","ULTRABOOST 5 por R$ 749.99","20/07/2026 00:00:00","22/07/2026 23:59:59","Clothing & Accessories","Brazil","...","https://www.awin1.com/cread.php?awinmid=17806&awinaffid=2104315&ued=https%3A%2F%2Fwww.centauro.com.br%2Fhotsite%2Fadidas-ultraboost-5","https://www.centauro.com.br/hotsite/adidas-ultraboost-5","","","no","20/07/2026 12:50:26","ULTRABOOST 5 por R$ 749.99",""
"4014827","Centauro BR","17806","promotion","","RUNFALCON a partir de R$ 259.99","20/07/2026 00:00:00","22/07/2026 23:59:59","Clothing & Accessories","Brazil","...","https://www.awin1.com/cread.php?awinmid=17806&awinaffid=2104315&ued=https%3A%2F%2Fwww.centauro.com.br%2Fhotsite%2Fadidas-runfalcon-infantil","https://www.centauro.com.br/hotsite/adidas-runfalcon-infantil","","","no","20/07/2026 12:50:10","RUNFALCON a partir de R$ 259.99",""
"4014825","Centauro BR","17806","promotion","","CHINELO ADILETTE a partir de R$ 149.99","20/07/2026 00:00:00","22/07/2026 23:59:59","Clothing & Accessories","Brazil","...","https://www.awin1.com/cread.php?awinmid=17806&awinaffid=2104315&ued=https%3A%2F%2Fwww.centauro.com.br%2Fhotsite%2Fadidas-adilette","https://www.centauro.com.br/hotsite/adidas-adilette","","","no","20/07/2026 12:49:51","CHINELO ADILETTE a partir de R$ 149.99",""
"4014821","Centauro BR","17806","promotion","","BARREDA a partir de R$ 289.99","20/07/2026 00:00:00","22/07/2026 23:59:59","Clothing & Accessories","Brazil","...","https://www.awin1.com/cread.php?awinmid=17806&awinaffid=2104315&ued=https%3A%2F%2Fwww.centauro.com.br%2Fhotsite%2Fadidas-barreda","https://www.centauro.com.br/hotsite/adidas-barreda","","","no","20/07/2026 12:49:33","BARREDA a partir de R$ 289.99",""
"4014817","Centauro BR","17806","promotion","","COURTBLOCK a partir de R$ 259.99","20/07/2026 00:00:00","22/07/2026 23:59:59","Clothing & Accessories","Brazil","...","https://www.awin1.com/cread.php?awinmid=17806&awinaffid=2104315&ued=https%3A%2F%2Fwww.centauro.com.br%2Fhotsite%2Fadidas-courtblock","https://www.centauro.com.br/hotsite/adidas-courtblock","","","no","20/07/2026 12:49:15","COURTBLOCK a partir de R$ 259.99",""
"4014815","Centauro BR","17806","promotion","","VL COURT a partir de R$ 279.99","20/07/2026 00:00:00","22/07/2026 23:59:59","Clothing & Accessories","Brazil","...","https://www.awin1.com/cread.php?awinmid=17806&awinaffid=2104315&ued=https%3A%2F%2Fwww.centauro.com.br%2Fhotsite%2Fadidas-vl-court","https://www.centauro.com.br/hotsite/adidas-vl-court","","","no","20/07/2026 12:48:57","VL COURT a partir de R$ 279.99",""
"4014813","Centauro BR","17806","promotion","","GRAND COURT a partir de R$ 219.99","20/07/2026 00:00:00","22/07/2026 23:59:59","Clothing & Accessories","Brazil","...","https://www.awin1.com/cread.php?awinmid=17806&awinaffid=2104315&ued=https%3A%2F%2Fwww.centauro.com.br%2Fhotsite%2Fadidas-grand-court","https://www.centauro.com.br/hotsite/adidas-grand-court","","","no","20/07/2026 12:48:40","GRAND COURT a partir de R$ 219.99",""
"4014811","Centauro BR","17806","promotion","","Camiseta Masculina adidas Manga Curta Logo Linear por R$ 59.99","22/07/2026 00:00:00","22/07/2026 23:59:59","Clothing & Accessories","Brazil","...","https://www.awin1.com/cread.php?awinmid=17806&awinaffid=2104315&ued=https%3A%2F%2Fwww.centauro.com.br%2Fcamiseta-masculina-adidas-manga-curta-logo-linear-990513.html","https://www.centauro.com.br/camiseta-masculina-adidas-manga-curta-logo-linear-990513.html","","","no","20/07/2026 12:48:23","Camiseta Masculina adidas Manga Curta Logo Linear por R$ 59.99",""
"4014809","Centauro BR","17806","promotion","","Blusão adidas Big Logo com Capuz - Masculino por R$ 199.99 no pix","22/07/2026 00:00:00","22/07/2026 23:59:59","Clothing & Accessories","Brazil","...","https://www.awin1.com/cread.php?awinmid=17806&awinaffid=2104315&ued=https%3A%2F%2Fwww.centauro.com.br%2Fblusao-ls-adidas-big-logo-com-9974DR.html%3Fcor%3D83","https://www.centauro.com.br/blusao-ls-adidas-big-logo-com-9974DR.html?cor=83","","","no","20/07/2026 12:47:55","Blusão adidas Big Logo com Capuz - Masculino por R$ 199.99 no pix",""
"4014753","Centauro BR","17806","promotion","","Linha Ownthegame por R$ 379.99","20/07/2026 00:00:00","22/07/2026 23:59:59","Clothing & Accessories","Brazil","...","https://www.awin1.com/cread.php?awinmid=17806&awinaffid=2104315&ued=https%3A%2F%2Fwww.centauro.com.br%2Fhotsite%2Flinha-ownthegame","https://www.centauro.com.br/hotsite/linha-ownthegame","","","no","20/07/2026 12:24:18","Linha Ownthegame por R$ 379.99",""
"4012755","Panasonic BR","78382","promotion","","Secador de cabelos NanoCare EH NA6A tecnologia avanzada para cuidado dos fios","17/07/2026 00:00:00","31/07/2026 23:59:59","Home Appliances","Brazil","..","https://www.awin1.com/cread.php?awinmid=78382&awinaffid=2104315&ued=https%3A%2F%2Floja.panasonic.com.br%2Fsecador-de-cabelos-nanocare-eh-na6a%2Fp%3FskuId%3D398023","https://loja.panasonic.com.br/secador-de-cabelos-nanocare-eh-na6a/p?skuId=398023","","","no","17/07/2026 16:34:51","Secador de cabelos NanoCare EH NA6A tecnologia avanzada para cuidado dos fios",""
"4012023","Fastshop BR","17590","voucher","MULTI6","6% OFF em coleção (itens selecionados de Vídeo e Celular)","17/07/2026 00:00:00","31/07/2026 23:00:00","Home & Garden","Brazil","..","https://www.awin1.com/cread.php?awinmid=17590&awinaffid=2104315&ued=https%3A%2F%2Fsite.fastshop.com.br%2Fcolecao%2F4279","https://site.fastshop.com.br/colecao/4279","","","no","17/07/2026 12:56:56","6% OFF em coleção (itens selecionados de Vídeo e Celular)",""
"4012019","Fastshop BR","17590","voucher","TABLET100","R$100 OFF no Lenovo Idea Tab Pro Octa-Core","17/07/2026 00:00:00","26/07/2026 23:00:00","Home & Garden","Brazil","..","https://www.awin1.com/cread.php?awinmid=17590&awinaffid=2104315&ued=https%3A%2F%2Fsite.fastshop.com.br%2Flenovo-idea-tab-pro-octa-core-12gb-ram-256gb-wi-fi-android-16-com-caneta-e-case-com-teclado-13--3-5k---zahd0684br-l2zahd0684cnz_prd-171856%2Fp","https://site.fastshop.com.br/lenovo-idea-tab-pro-octa-core-12gb-ram-256gb-wi-fi-android-16-com-caneta-e-case-com-teclado-13--3-5k---zahd0684br-l2zahd0684cnz_prd-171856/p","","","no","17/07/2026 12:56:44","R$100 OFF no Lenovo Idea Tab Pro Octa-Core",""
"4012013","Fastshop BR","17590","voucher","YOGA100","R$100 OFF no Notebook Lenovo Yoga Slim 7i","17/07/2026 00:00:00","26/07/2026 23:00:00","Home & Garden","Brazil","..","https://www.awin1.com/cread.php?awinmid=17590&awinaffid=2104315&ued=https%3A%2F%2Fsite.fastshop.com.br%2Fnotebook-lenovo-yoga-slim-7i-intel-core-ultra-5--16gb--512gb-ssd--tela-de-14--oled--windows-11---83gm0003br-l283gm0003br_prd-65794%2Fp","https://site.fastshop.com.br/notebook-lenovo-yoga-slim-7i-intel-core-ultra-5--16gb--512gb-ssd--tela-de-14--oled--windows-11---83gm0003br-l283gm0003br_prd-65794/p","","","no","17/07/2026 12:56:26","R$100 OFF no Notebook Lenovo Yoga Slim 7i",""
"4009161","Arno BR","108626","promotion","","Ferro a Vapor Ultragliss com Base Durilium Airglide, deslizamento mais rápido e maior resistência, 1750W, Vinho, FMV 220V","20/07/2026 00:00:00","26/07/2026 23:59:59","Home & Garden","Brazil","..","https://www.awin1.com/cread.php?awinmid=108626&awinaffid=2104315&ued=https%3A%2F%2Fwww.arno.com.br%2F-ferro-a-vapor-express-steam-ultra-deslizamento-e-potencia-com-base-durilium-airglide-tecnologia-excl-1830008402-p%2Fp","https://www.arno.com.br/-ferro-a-vapor-express-steam-ultra-deslizamento-e-potencia-com-base-durilium-airglide-tecnologia-excl-1830008402-p/p","","","no","16/07/2026 13:08:02","Ferro a Vapor Ultragliss com Base Durilium Airglide, deslizamento mais rápido e maior resistência, 1750W, Vinho, FMV 220V",""
"4009159","Arno BR","108626","promotion","","Ferro a Vapor Ultragliss com Base Durilium Airglide, deslizamento mais rápido e maior resistência, 1520W, Vinho, FMV 127V","20/07/2026 00:00:00","26/07/2026 23:59:59","Home & Garden","Brazil","..","https://www.awin1.com/cread.php?awinmid=108626&awinaffid=2104315&ued=https%3A%2F%2Fwww.arno.com.br%2F-ferro-a-vapor-express-steam-ultra-deslizamento-e-potencia-com-base-durilium-airglide-tecnologia-excl-1830008402-p%2Fp","https://www.arno.com.br/-ferro-a-vapor-express-steam-ultra-deslizamento-e-potencia-com-base-durilium-airglide-tecnologia-excl-1830008402-p/p","","","no","16/07/2026 13:07:50","Ferro a Vapor Ultragliss com Base Durilium Airglide, deslizamento mais rápido e maior resistência, 1520W, Vinho, FMV 127V",""
"4009157","Arno BR","108626","promotion","","Ferro a Vapor Arno Essentialgliss com Base Antiaderente FMQ 127V","20/07/2026 00:00:00","26/07/2026 23:59:59","Home & Garden","Brazil","..","https://www.awin1.com/cread.php?awinmid=108626&awinaffid=2104315&ued=https%3A%2F%2Fwww.arno.com.br%2Ffer-vap-essentialgliss-1830009066_pai-1%2Fp","https://www.arno.com.br/fer-vap-essentialgliss-1830009066_pai-1/p","","","no","16/07/2026 13:07:38","Ferro a Vapor Arno Essentialgliss com Base Antiaderente FMQ 127V",""
"4009155","Arno BR","108626","promotion","","Ferro a Vapor Arno Essentialgliss com Base Antiaderente FMQ 220V","20/07/2026 00:00:00","26/07/2026 23:59:59","Home & Garden","Brazil","..","https://www.awin1.com/cread.php?awinmid=108626&awinaffid=2104315&ued=https%3A%2F%2Fwww.arno.com.br%2Ffer-vap-essentialgliss-1830009066_pai-1%2Fp","https://www.arno.com.br/fer-vap-essentialgliss-1830009066_pai-1/p","","","no","16/07/2026 13:07:25","Ferro a Vapor Arno Essentialgliss com Base Antiaderente FMQ 220V",""
"4009153","Arno BR","108626","promotion","","Vaporizador Arno Steam Power, Higieniza, Azul, HS81 127V","20/07/2026 00:00:00","26/07/2026 23:59:59","Home & Garden","Brazil","..","https://www.awin1.com/cread.php?awinmid=108626&awinaffid=2104315&ued=https%3A%2F%2Fwww.arno.com.br%2Fvaporizador-de-roupas-arno-steam-power-hs81-1830007841-pai%2Fp","https://www.arno.com.br/vaporizador-de-roupas-arno-steam-power-hs81-1830007841-pai/p","","","no","16/07/2026 13:07:12","Vaporizador Arno Steam Power, Higieniza, Azul, HS81 127V",""
"4009151","Arno BR","108626","promotion","","Vaporizador Arno Steam Power, Higieniza, Azul, HS81 220V","20/07/2026 00:00:00","26/07/2026 23:59:59","Home & Garden","Brazil","..","https://www.awin1.com/cread.php?awinmid=108626&awinaffid=2104315&ued=https%3A%2F%2Fwww.arno.com.br%2Fvaporizador-de-roupas-arno-steam-power-hs81-1830007841-pai%2Fp","https://www.arno.com.br/vaporizador-de-roupas-arno-steam-power-hs81-1830007841-pai/p","","","no","16/07/2026 13:07:00","Vaporizador Arno Steam Power, Higieniza, Azul, HS81 220V",""
"4009149","Arno BR","108626","promotion","","Vaporizador de Roupas Arno Steam Minute, Higieniza e Desodoriza, 1100W, Aquece em 15s, Portátil, Azul, HS61 220V","20/07/2026 00:00:00","26/07/2026 23:59:59","Home & Garden","Brazil","..","https://www.awin1.com/cread.php?awinmid=108626&awinaffid=2104315&ued=https%3A%2F%2Fwww.arno.com.br%2Fvaporizador-de-roupas-arno-steam-minute-hs61-1830007753-pai%2Fp","https://www.arno.com.br/vaporizador-de-roupas-arno-steam-minute-hs61-1830007753-pai/p","","","no","16/07/2026 13:06:48","Vaporizador de Roupas Arno Steam Minute, Higieniza e Desodoriza, 1100W, Aquece em 15s, Portátil, Azul, HS61 220V",""
"4009147","Arno BR","108626","promotion","","Vaporizador de Roupas Arno Steam Minute, Higieniza e Desodoriza, 1100W, Aquece em 15s, Portátil, Azul, HS61 127V","20/07/2026 00:00:00","26/07/2026 23:59:59","Home & Garden","Brazil","..","https://www.awin1.com/cread.php?awinmid=108626&awinaffid=2104315&ued=https%3A%2F%2Fwww.arno.com.br%2Fvaporizador-de-roupas-arno-steam-minute-hs61-1830007753-pai%2Fp","https://www.arno.com.br/vaporizador-de-roupas-arno-steam-minute-hs61-1830007753-pai/p","","","no","16/07/2026 13:06:33","Vaporizador de Roupas Arno Steam Minute, Higieniza e Desodoriza, 1100W, Aquece em 15s, Portátil, Azul, HS61 127V",""
"4009145","Arno BR","108626","promotion","","Vaporizador de Roupas Arno Steam Travel, Higieniza, Compacto, Dobrável e Portátil, 1100W, Cinza, HS11","20/07/2026 00:00:00","26/07/2026 23:59:59","Home & Garden","Brazil","..","https://www.awin1.com/cread.php?awinmid=108626&awinaffid=2104315&ued=https%3A%2F%2Fwww.arno.com.br%2Fvaporizador-arno-steam-travel-dobravel-e-portatil-hs11-1830009304%2Fp","https://www.arno.com.br/vaporizador-arno-steam-travel-dobravel-e-portatil-hs11-1830009304/p","","","no","16/07/2026 13:06:21","Vaporizador de Roupas Arno Steam Travel, Higieniza, Compacto, Dobrável e Portátil, 1100W, Cinza, HS11",""
"4009143","Arno BR","108626","promotion","","Vaporizador de Roupas Arno Steam Travel, Higieniza, Compacto, Dobrável e Portátil, 1100W, Cinza, HS11","20/07/2026 00:00:00","26/07/2026 23:59:59","Home & Garden","Brazil","..","https://www.awin1.com/cread.php?awinmid=108626&awinaffid=2104315&ued=https%3A%2F%2Fwww.arno.com.br%2Fvaporizador-arno-steam-travel-dobravel-e-portatil-hs11-1830009304%2Fp","https://www.arno.com.br/vaporizador-arno-steam-travel-dobravel-e-portatil-hs11-1830009304/p","","","no","16/07/2026 13:06:08","Vaporizador de Roupas Arno Steam Travel, Higieniza, Compacto, Dobrável e Portátil, 1100W, Cinza, HS11",""
"4009141","Arno BR","108626","promotion","","Aspirador de Pó Arno X-FORCE FLEX 9.60 Pisos Duros XF9P Bivolt","20/07/2026 00:00:00","26/07/2026 23:59:59","Home & Garden","Brazil","..","https://www.awin1.com/cread.php?awinmid=108626&awinaffid=2104315&ued=https%3A%2F%2Fwww.arno.com.br%2Faspirador-de-po-arno-x-force-flex-960-pisos-duros-xf9p-bivolt7211005423%2Fp","https://www.arno.com.br/aspirador-de-po-arno-x-force-flex-960-pisos-duros-xf9p-bivolt7211005423/p","","","no","16/07/2026 13:05:56","Aspirador de Pó Arno X-FORCE FLEX 9.60 Pisos Duros XF9P Bivolt",""
"4009139","Arno BR","108626","promotion","","Liquidificador Arno Blendforce Preto 700W Limpa Fácil com Lâminas Removíveis e Jarra de Vidro LN91 127v","20/07/2026 00:00:00","26/07/2026 23:59:59","Home & Garden","Brazil","..","https://www.awin1.com/cread.php?awinmid=108626&awinaffid=2104315&ued=https%3A%2F%2Fwww.arno.com.br%2Fliquidificador-arno-blendforce-jarra-de-vidro-700w-preto-ln91-7211004288-pai%2Fp","https://www.arno.com.br/liquidificador-arno-blendforce-jarra-de-vidro-700w-preto-ln91-7211004288-pai/p","","","no","16/07/2026 13:05:44","Liquidificador Arno Blendforce Preto 700W Limpa Fácil com Lâminas Removíveis e Jarra de Vidro LN91 127v",""
"4009137","Arno BR","108626","promotion","","Liquidificador Arno Blendforce Preto 700W Limpa Fácil com Lâminas Removíveis e Jarra de Vidro LN91 220v","20/07/2026 00:00:00","26/07/2026 23:59:59","Home & Garden","Brazil","..","https://www.awin1.com/cread.php?awinmid=108626&awinaffid=2104315&ued=https%3A%2F%2Fwww.arno.com.br%2Fliquidificador-arno-blendforce-jarra-de-vidro-700w-preto-ln91-7211004288-pai%2Fp","https://www.arno.com.br/liquidificador-arno-blendforce-jarra-de-vidro-700w-preto-ln91-7211004288-pai/p","","","no","16/07/2026 13:05:31","Liquidificador Arno Blendforce Preto 700W Limpa Fácil com Lâminas Removíveis e Jarra de Vidro LN91 220v",""
"4009131","Arno BR","108626","promotion","","Liquidificador Arno Powermix 700W Limpa Fácil Vermelho LQ36 220V","20/07/2026 00:00:00","26/07/2026 23:59:59","Home & Garden","Brazil","..","https://www.awin1.com/cread.php?awinmid=108626&awinaffid=2104315&ued=https%3A%2F%2Fwww.arno.com.br%2Fliq-arno-power-mix-limpa-facil-700w-vm-127v-comfort-2720017618_pai-1%2Fp","https://www.arno.com.br/liq-arno-power-mix-limpa-facil-700w-vm-127v-comfort-2720017618_pai-1/p","","","no","16/07/2026 13:05:17","Liquidificador Arno Powermix 700W Limpa Fácil Vermelho LQ36 220V",""
"4009129","Arno BR","108626","promotion","","Liquidificador Arno Powermix 700W Limpa Fácil Vermelho LQ36 127V","20/07/2026 00:00:00","26/07/2026 23:59:59","Home & Garden","Brazil","..","https://www.awin1.com/cread.php?awinmid=108626&awinaffid=2104315&ued=https%3A%2F%2Fwww.arno.com.br%2Fliq-arno-power-mix-limpa-facil-700w-vm-127v-comfort-2720017618_pai-1%2Fp","https://www.arno.com.br/liq-arno-power-mix-limpa-facil-700w-vm-127v-comfort-2720017618_pai-1/p","","","no","16/07/2026 13:05:04","Liquidificador Arno Powermix 700W Limpa Fácil Vermelho LQ36 127V",""
"4009127","Arno BR","108626","promotion","","Multichef 700W 24 Funções 220V","20/07/2026 00:00:00","26/07/2026 23:59:59","Home & Garden","Brazil","..","https://www.awin1.com/cread.php?awinmid=108626&awinaffid=2104315&ued=https%3A%2F%2Fwww.arno.com.br%2Fmultiprocessador-arno-700w-24-funcoes-preto-mp72-2720018173%2Fp","https://www.arno.com.br/multiprocessador-arno-700w-24-funcoes-preto-mp72-2720018173/p","","","no","16/07/2026 13:04:51","Multichef 700W 24 Funções 220V",""
"4009125","Arno BR","108626","promotion","","Multichef 700W 24 Funções 127V","20/07/2026 00:00:00","26/07/2026 23:59:59","Home & Garden","Brazil","..","https://www.awin1.com/cread.php?awinmid=108626&awinaffid=2104315&ued=https%3A%2F%2Fwww.arno.com.br%2Fmultiprocessador-arno-700w-24-funcoes-preto-mp72-2720018173%2Fp","https://www.arno.com.br/multiprocessador-arno-700w-24-funcoes-preto-mp72-2720018173/p","","","no","16/07/2026 13:04:38","Multichef 700W 24 Funções 127V",""
"4009123","Arno BR","108626","promotion","","Liquidificador Arno Power Max 2200 Marfim LN64 220V","20/07/2026 00:00:00","26/07/2026 23:59:59","Home & Garden","Brazil","..","https://www.awin1.com/cread.php?awinmid=108626&awinaffid=2104315&ued=https%3A%2F%2Fwww.arno.com.br%2F-liquidificador-arno-powermax-marfim-2200w-127v-2720018833_pai-1-p%2Fp","https://www.arno.com.br/-liquidificador-arno-powermax-marfim-2200w-127v-2720018833_pai-1-p/p","","","no","16/07/2026 13:04:24","Liquidificador Arno Power Max 2200 Marfim LN64 220V",""
"4009121","Arno BR","108626","promotion","","Liquidificador Arno Power Max 2200 Marfim LN64 127V","20/07/2026 00:00:00","26/07/2026 23:59:59","Home & Garden","Brazil","..","https://www.awin1.com/cread.php?awinmid=108626&awinaffid=2104315&ued=https%3A%2F%2Fwww.arno.com.br%2F-liquidificador-arno-powermax-marfim-2200w-127v-2720018833_pai-1-p%2Fp","https://www.arno.com.br/-liquidificador-arno-powermax-marfim-2200w-127v-2720018833_pai-1-p/p","","","no","16/07/2026 13:04:12","Liquidificador Arno Power Max 2200 Marfim LN64 127V",""
"4009119","Arno BR","108626","promotion","","Churrasqueira Elétrica Arno Mais Sabor, Pouca Fumaça, Inox e Preta GPRA 220V","20/07/2026 00:00:00","26/07/2026 23:59:59","Home & Garden","Brazil","..","https://www.awin1.com/cread.php?awinmid=108626&awinaffid=2104315&ued=https%3A%2F%2Fwww.arno.com.br%2F-churrasqueira-eletrica-arno-mais-sabor-e-menos-fumaca-gpra-inox-110v-8010000846-pai-p%2Fp","https://www.arno.com.br/-churrasqueira-eletrica-arno-mais-sabor-e-menos-fumaca-gpra-inox-110v-8010000846-pai-p/p","","","no","16/07/2026 13:03:59","Churrasqueira Elétrica Arno Mais Sabor, Pouca Fumaça, Inox e Preta GPRA 220V",""
"4009117","Arno BR","108626","promotion","","Churrasqueira Elétrica Arno Mais Sabor, Pouca Fumaça, Inox e Preta GPRA 127V","20/07/2026 00:00:00","26/07/2026 23:59:59","Home & Garden","Brazil","..","https://www.awin1.com/cread.php?awinmid=108626&awinaffid=2104315&ued=https%3A%2F%2Fwww.arno.com.br%2F-churrasqueira-eletrica-arno-mais-sabor-e-menos-fumaca-gpra-inox-110v-8010000846-pai-p%2Fp","https://www.arno.com.br/-churrasqueira-eletrica-arno-mais-sabor-e-menos-fumaca-gpra-inox-110v-8010000846-pai-p/p","","","no","16/07/2026 13:03:45","Churrasqueira Elétrica Arno Mais Sabor, Pouca Fumaça, Inox e Preta GPRA 127V",""
"4009115","Arno BR","108626","promotion","","Panela de Pressão Tefal Opti'Space 7 Litros em Inox com Fundo Triplo e Cesto de Vapor","20/07/2026 00:00:00","26/07/2026 23:59:59","Home & Garden","Brazil","..","https://www.awin1.com/cread.php?awinmid=108626&awinaffid=2104315&ued=https%3A%2F%2Fwww.arno.com.br%2Ftefal-panela-de-pressao-7l-tefal-opti-space-em-inox-com-fundo-triplo-e-cesto-de-vapor-7114000613_pai%2Fp","https://www.arno.com.br/tefal-panela-de-pressao-7l-tefal-opti-space-em-inox-com-fundo-triplo-e-cesto-de-vapor-7114000613_pai/p","","","no","16/07/2026 13:03:30","Panela de Pressão Tefal Opti'Space 7 Litros em Inox com Fundo Triplo e Cesto de Vapor",""
"4009113","Arno BR","108626","promotion","","Faca Slicing Aço Inox Tefal 20cm Ice Force","20/07/2026 00:00:00","26/07/2026 23:59:59","Home & Garden","Brazil","..","https://www.awin1.com/cread.php?awinmid=108626&awinaffid=2104315&ued=https%3A%2F%2Fwww.arno.com.br%2Ftefal-faca-slicing-aco-inox-tefal-20cm-ice-force-2100104348_pai%2Fp","https://www.arno.com.br/tefal-faca-slicing-aco-inox-tefal-20cm-ice-force-2100104348_pai/p","","","no","16/07/2026 13:03:17","Faca Slicing Aço Inox Tefal 20cm Ice Force",""
"4009111","Arno BR","108626","promotion","","Faca Santoku Aço Inox Tefal 18cm Ice Force","20/07/2026 00:00:00","26/07/2026 23:59:59","Home & Garden","Brazil","..","https://www.awin1.com/cread.php?awinmid=108626&awinaffid=2104315&ued=https%3A%2F%2Fwww.arno.com.br%2Ftefal-faca-santoku-aco-inox-tefal-18cm-ice-force-2100104354_pai%2Fp","https://www.arno.com.br/tefal-faca-santoku-aco-inox-tefal-18cm-ice-force-2100104354_pai/p","","","no","16/07/2026 13:03:04","Faca Santoku Aço Inox Tefal 18cm Ice Force",""
"4009109","Arno BR","108626","promotion","","Faca Chef Aço Inox Tefal 20cm Ice Force","20/07/2026 00:00:00","26/07/2026 23:59:59","Home & Garden","Brazil","..","https://www.awin1.com/cread.php?awinmid=108626&awinaffid=2104315&ued=https%3A%2F%2Fwww.arno.com.br%2Ftefal-faca-chef-aco-inox-tefal-20cm-ice-force-2100104352_pai%2Fp","https://www.arno.com.br/tefal-faca-chef-aco-inox-tefal-20cm-ice-force-2100104352_pai/p","","","no","16/07/2026 13:02:52","Faca Chef Aço Inox Tefal 20cm Ice Force",""
"4009105","Arno BR","108626","promotion","","Copo Térmico com Tampa Tefal Easy Twist Rosa 360ml","20/07/2026 00:00:00","26/07/2026 23:59:59","Home & Garden","Brazil","..","https://www.awin1.com/cread.php?awinmid=108626&awinaffid=2104315&ued=https%3A%2F%2Fwww.arno.com.br%2Fcopo-termico-com-tampa-tefal-easy-twist-rosa-360ml-3110600438%2Fp","https://www.arno.com.br/copo-termico-com-tampa-tefal-easy-twist-rosa-360ml-3110600438/p","","","no","16/07/2026 13:02:38","Copo Térmico com Tampa Tefal Easy Twist Rosa 360ml",""
"4009103","Arno BR","108626","promotion","","Copo Térmico com Tampa Tefal Easy Twist Cinza 360ml","20/07/2026 00:00:00","26/07/2026 23:59:59","Home & Garden","Brazil","..","https://www.awin1.com/cread.php?awinmid=108626&awinaffid=2104315&ued=https%3A%2F%2Fwww.arno.com.br%2Fcopo-termico-com-tampa-tefal-easy-twist-cinza-360ml-3110600437%2Fp","https://www.arno.com.br/copo-termico-com-tampa-tefal-easy-twist-cinza-360ml-3110600437/p","","","no","16/07/2026 13:02:25","Copo Térmico com Tampa Tefal Easy Twist Cinza 360ml",""
"4009101","Arno BR","108626","promotion","","Frigideira Aço inox Com Indução Tefal Jamie Oliver 28cm","20/07/2026 00:00:00","26/07/2026 23:59:59","Home & Garden","Brazil","..","https://www.awin1.com/cread.php?awinmid=108626&awinaffid=2104315&ued=https%3A%2F%2Fwww.arno.com.br%2Ffrigideira-aco-inox-com-inducao-tefal-jamie-oliver-28cm-9295306725_pai-1%2Fp","https://www.arno.com.br/frigideira-aco-inox-com-inducao-tefal-jamie-oliver-28cm-9295306725_pai-1/p","","","no","16/07/2026 13:02:13","Frigideira Aço inox Com Indução Tefal Jamie Oliver 28cm",""
"4009099","Arno BR","108626","promotion","","Jogo de Panelas Rochedo Ceramic Rose Gold 5 peças","20/07/2026 00:00:00","26/07/2026 23:59:59","Home & Garden","Brazil","..","https://www.awin1.com/cread.php?awinmid=108626&awinaffid=2104315&ued=https%3A%2F%2Fwww.arno.com.br%2Fjogo-de-panelas-rochedo-ceramic-rose-gold-5-pecas-2100137881%2Fp","https://www.arno.com.br/jogo-de-panelas-rochedo-ceramic-rose-gold-5-pecas-2100137881/p","","","no","16/07/2026 13:01:59","Jogo de Panelas Rochedo Ceramic Rose Gold 5 peças",""
"4009097","Arno BR","108626","promotion","","Caçarola Tefal Air Alumínio Fundido 20cm","20/07/2026 00:00:00","26/07/2026 23:59:59","Home & Garden","Brazil","..","https://www.awin1.com/cread.php?awinmid=108626&awinaffid=2104315&ued=https%3A%2F%2Fwww.arno.com.br%2Fcacarola-tefal-air-aluminio-fundido-20cm-2100127040%2Fp","https://www.arno.com.br/cacarola-tefal-air-aluminio-fundido-20cm-2100127040/p","","","no","16/07/2026 13:01:46","Caçarola Tefal Air Alumínio Fundido 20cm",""
"4009095","Arno BR","108626","promotion","","Caçarola Oval Tefal Air Alumínio Fundido 30cm","20/07/2026 00:00:00","26/07/2026 23:59:59","Home & Garden","Brazil","..","https://www.awin1.com/cread.php?awinmid=108626&awinaffid=2104315&ued=https%3A%2F%2Fwww.arno.com.br%2Fcacarola-oval-tefal-air-aluminio-fundido-30cm-2100127039%2Fp","https://www.arno.com.br/cacarola-oval-tefal-air-aluminio-fundido-30cm-2100127039/p","","","no","16/07/2026 13:01:32","Caçarola Oval Tefal Air Alumínio Fundido 30cm",""
"4009091","Arno BR","108626","promotion","","Cafeteira Elétrica Arno Soleil Preta 1,25L SPFC 220v","20/07/2026 00:00:00","26/07/2026 23:59:59","Home & Garden","Brazil","..","https://www.awin1.com/cread.php?awinmid=108626&awinaffid=2104315&ued=https%3A%2F%2Fwww.arno.com.br%2Fcafeteira-eletrica-arno-soleil-preta-125l-spfc-127v_cafeteira-eletrica-arno-soleil-preta-125l-spfc_7211419321_pai-1%2Fp","https://www.arno.com.br/cafeteira-eletrica-arno-soleil-preta-125l-spfc-127v_cafeteira-eletrica-arno-soleil-preta-125l-spfc_7211419321_pai-1/p","","","no","16/07/2026 13:01:20","Cafeteira Elétrica Arno Soleil Preta 1,25L SPFC 220v",""
"4009087","Arno BR","108626","promotion","","Cafeteira Elétrica Arno Soleil Preta 1,25L SPFC 127v","20/07/2026 00:00:00","26/07/2026 23:59:59","Home & Garden","Brazil","..","https://www.awin1.com/cread.php?awinmid=108626&awinaffid=2104315&ued=https%3A%2F%2Fwww.arno.com.br%2Fcafeteira-eletrica-arno-soleil-preta-125l-spfc-127v_cafeteira-eletrica-arno-soleil-preta-125l-spfc_7211419321_pai-1%2Fp","https://www.arno.com.br/cafeteira-eletrica-arno-soleil-preta-125l-spfc-127v_cafeteira-eletrica-arno-soleil-preta-125l-spfc_7211419321_pai-1/p","","","no","16/07/2026 13:01:06","Cafeteira Elétrica Arno Soleil Preta 1,25L SPFC 127v",""
"4009085","Arno BR","108626","promotion","","Cafeteira Soleil Marfim 220V","20/07/2026 00:00:00","26/07/2026 23:59:59","Home & Garden","Brazil","..","https://www.awin1.com/cread.php?awinmid=108626&awinaffid=2104315&ued=https%3A%2F%2Fwww.arno.com.br%2Fcafefeteia-arno-soleil-marfim-7211004076-pai%2Fp","https://www.arno.com.br/cafefeteia-arno-soleil-marfim-7211004076-pai/p","","","no","16/07/2026 13:00:52","Cafeteira Soleil Marfim 220V",""
"4009079","Arno BR","108626","promotion","","Cafeteira Soleil Marfim 127V","20/07/2026 00:00:00","26/07/2026 23:59:59","Home & Garden","Brazil","..","https://www.awin1.com/cread.php?awinmid=108626&awinaffid=2104315&ued=https%3A%2F%2Fwww.arno.com.br%2Fcafefeteia-arno-soleil-marfim-7211004076-pai%2Fp","https://www.arno.com.br/cafefeteia-arno-soleil-marfim-7211004076-pai/p","","","no","16/07/2026 13:00:29","Cafeteira Soleil Marfim 127V",""
"4009075","Arno BR","108626","promotion","","Grill Arno Dual Inox com abertura de 180° GNOX 220v","20/07/2026 00:00:00","26/07/2026 23:59:59","Home & Garden","Brazil","..","https://www.awin1.com/cread.php?awinmid=108626&awinaffid=2104315&ued=https%3A%2F%2Fwww.arno.com.br%2Fgrill-arno-dual-inox-gnox-8010000261-pai%2Fp","https://www.arno.com.br/grill-arno-dual-inox-gnox-8010000261-pai/p","","","no","16/07/2026 13:00:06","Grill Arno Dual Inox com abertura de 180° GNOX 220v",""
"4009069","Arno BR","108626","promotion","","Grill Arno Dual Inox com abertura de 180° GNOX 127v","20/07/2026 00:00:00","26/07/2026 23:59:59","Home & Garden","Brazil","..","https://www.awin1.com/cread.php?awinmid=108626&awinaffid=2104315&ued=https%3A%2F%2Fwww.arno.com.br%2Fgrill-arno-dual-inox-gnox-8010000261-pai%2Fp","https://www.arno.com.br/grill-arno-dual-inox-gnox-8010000261-pai/p","","","no","16/07/2026 12:59:53","Grill Arno Dual Inox com abertura de 180° GNOX 127v",""
"4009065","Arno BR","108626","promotion","","CAFETEIRA ESP PUMP OPIO MARFIM 127V BR","20/07/2026 00:00:00","26/07/2026 23:59:59","Home & Garden","Brazil","..","https://www.awin1.com/cread.php?awinmid=108626&awinaffid=2104315&ued=https%3A%2F%2Fwww.arno.com.br%2Fcafeteira-arno-espresso-steam-e-pump-opio-soleil-marfim-scsp-8010001230%2Fp","https://www.arno.com.br/cafeteira-arno-espresso-steam-e-pump-opio-soleil-marfim-scsp-8010001230/p","","","no","16/07/2026 12:59:31","CAFETEIRA ESP PUMP OPIO MARFIM 127V BR",""
"4007841","Dafiti BR","17697","voucher","COPA30","Cupom de 30% de desconto em camisas de seleção","15/07/2026 18:20:00","31/07/2026 23:59:00","Football","All Regions","Válido para produtos da seleção","https://www.awin1.com/cread.php?awinmid=17697&awinaffid=2104315&ued=https%3A%2F%2Fwww.dafiti.com.br%2Fpromocao%2Fgeral%2Fespecial-30%2F","https://www.dafiti.com.br/promocao/geral/especial-30/","","","no","15/07/2026 18:20:05","Cupom de 30% de desconto em camisas de seleção",""
"4007681","Dafiti BR","17697","promotion","","Leve 2 e pague 1 em produtos selecionados GAP Adidas Tommy Farm Santa Lolla Calvin Klein Colcci Dudalina","15/07/2026 00:00:00","31/07/2026 23:59:59","Clothing & Accessories","Brazil","...","https://www.awin1.com/cread.php?awinmid=17697&awinaffid=2104315&ued=https%3A%2F%2Fwww.dafiti.com.br%2Fpromocao%2Fgeral%2Fleve-e-pague","https://www.dafiti.com.br/promocao/geral/leve-e-pague","","","no","15/07/2026 15:16:54","Leve 2 e pague 1 em produtos selecionados GAP Adidas Tommy Farm Santa Lolla Calvin Klein Colcci Dudalina",""
"4007255","Dafiti BR","17697","voucher","SPORTS30","30% OFF em seleção Sports com uso de cupom em diversos produtos esportivos","15/07/2026 00:00:00","31/07/2026 23:59:59","Clothing & Accessories","Brazil","..","https://www.awin1.com/cread.php?awinmid=17697&awinaffid=2104315&ued=https%3A%2F%2Fwww.dafiti.com.br%2Fpromocao%2Fgeral%2Fselecao-sports-cupom20","https://www.dafiti.com.br/promocao/geral/selecao-sports-cupom20","","","no","15/07/2026 14:42:01","30% OFF em seleção Sports com uso de cupom em diversos produtos esportivos",""
"4007253","Dafiti BR","17697","voucher","SEMIJOIAS","10% OFF em semijoias com cupom aplicado em itens selecionados","15/07/2026 00:00:00","31/07/2026 23:59:59","Clothing & Accessories","Brazil","..","https://www.awin1.com/cread.php?awinmid=17697&awinaffid=2104315&ued=https%3A%2F%2Fwww.dafiti.com.br%2Fpromocao%2Fgeral%2Fselecao-semijoias-cupom","https://www.dafiti.com.br/promocao/geral/selecao-semijoias-cupom","","","no","15/07/2026 14:41:50","10% OFF em semijoias com cupom aplicado em itens selecionados",""
"4005313","Dafiti BR","17697","voucher","L2P1","Leve 2 e pague 1 de produtos selecionados (Temos GAP, Adidas, Tommy, Farm, Santa Lolla, Calvin Klein, Colcci, Dudalina, entre outras top marcas)","14/07/2026 16:40:00","31/07/2026 16:39:00","General Clothing","All Regions","Selecione 2 produtos da seleção de produtos e leve 2 pelo preço de 1.","https://www.awin1.com/cread.php?awinmid=17697&awinaffid=2104315&ued=https%3A%2F%2Fwww.dafiti.com.br%2Fpromocao%2Fgeral%2Fleve-e-pague","https://www.dafiti.com.br/promocao/geral/leve-e-pague","","","no","14/07/2026 16:40:49","Leve 2 e pague 1 de produtos selecionados (Temos GAP, Adidas, Tommy, Farm, Santa Lolla, Calvin Klein, Colcci, Dudalina, entre outras top marcas)",""
"4005021","Brinox Shop BR","25279","promotion","","Cooktop de Inducao Brinox 1 e 2 Bocas - Versoes 127V e 220V","14/07/2026 00:00:00","31/07/2026 23:59:59","Home Appliances","Brazil","...","https://www.awin1.com/cread.php?awinmid=25279&awinaffid=2104315&ued=https%3A%2F%2Fwww.brinox.com.br%2Feletroportateis-brinox-cooktop","https://www.brinox.com.br/eletroportateis-brinox-cooktop","","","no","14/07/2026 13:03:40","Cooktop de Inducao Brinox 1 e 2 Bocas - Versoes 127V e 220V",""
"4005019","Brinox Shop BR","25279","promotion","","Panela de Pressao Eletrica Brinox - Versoes 127V e 220V","14/07/2026 00:00:00","31/07/2026 23:59:59","Home Appliances","Brazil","...","https://www.awin1.com/cread.php?awinmid=25279&awinaffid=2104315&ued=https%3A%2F%2Fwww.brinox.com.br%2Fpanela-pressao-eletrica-brinox-novidade","https://www.brinox.com.br/panela-pressao-eletrica-brinox-novidade","","","no","14/07/2026 13:03:31","Panela de Pressao Eletrica Brinox - Versoes 127V e 220V",""
"4004665","Brinox Shop BR","25279","voucher","LEVA15","15% OFF em produtos Brinox para casa e cozinha.","14/07/2026 00:00:00","31/07/2026 23:59:59","Home & Garden","Brazil","..","https://www.awin1.com/cread.php?awinmid=25279&awinaffid=2104315&ued=https%3A%2F%2Fwww.brinox.com.br%2F","https://www.brinox.com.br/","","","no","14/07/2026 12:33:40","15% OFF em produtos Brinox para casa e cozinha.",""
"4002783","C&A BR","17648","voucher","ESPORTIVO","Esportivo até 30% OFF + 25% OFF em 2 peças + 30% OFF em 3 peças ou mais - válido até 28/07 às 12h - lista selecionada","13/07/2026 00:00:00","28/07/2026 23:59:59","Clothing & Accessories","Brazil","..","https://www.awin1.com/cread.php?awinmid=17648&awinaffid=2104315&ued=https%3A%2F%2Fwww.cea.com.br%2Fofertas%2Fachadinhos-da-semana","https://www.cea.com.br/ofertas/achadinhos-da-semana","","","no","13/07/2026 16:38:39","Esportivo até 30% OFF + 25% OFF em 2 peças + 30% OFF em 3 peças ou mais - válido até 28/07 às 12h - lista selecionada",""
"4000443","Fastshop BR","17590","voucher","PS5200","R$200 OFF em itens selecionados","10/07/2026 00:00:00","31/07/2026 23:59:59","Home & Garden","Brazil","..","https://www.awin1.com/cread.php?awinmid=17590&awinaffid=2104315&ued=https%3A%2F%2Fsite.fastshop.com.br%2Fcolecao%2F3260","https://site.fastshop.com.br/colecao/3260","","","no","10/07/2026 12:54:30","R$200 OFF em itens selecionados",""
"4000435","Fastshop BR","17590","voucher","NINTENDO100","R$100 OFF em itens selecionados","10/07/2026 00:00:00","31/07/2026 23:59:59","Home & Garden","Brazil","..","https://www.awin1.com/cread.php?awinmid=17590&awinaffid=2104315&ued=https%3A%2F%2Fsite.fastshop.com.br%2Fcolecao%2F4136","https://site.fastshop.com.br/colecao/4136","","","no","10/07/2026 12:54:15","R$100 OFF em itens selecionados",""
"3996183","Avon BR","23993","voucher","AFI15","15% OFF em todo o site Avon aproveite o desconto especial em cosméticos e cuidados pessoais por tempo limitado","08/07/2026 00:00:00","31/07/2026 23:59:59","Cosmetics & Skincare","Brazil","..","https://www.awin1.com/cread.php?awinmid=23993&awinaffid=2104315&ued=https%3A%2F%2Favon.com.br%2F","https://avon.com.br/","","","no","08/07/2026 16:50:40","15% OFF em todo o site Avon aproveite o desconto especial em cosméticos e cuidados pessoais por tempo limitado",""
"3996049","Forever Liss BR","17619","promotion","","Kit Óleos Capilares Superpoderosos completo 60ml Forever Liss","08/07/2026 00:00:00","23/07/2026 23:59:59","Cosmetics & Skincare","Brazil","...","https://www.awin1.com/cread.php?awinmid=17619&awinaffid=2104315&ued=https%3A%2F%2Fwww.foreverliss.com.br%2Fkit-oleos-capilares-superpoderosos-completo-60ml","https://www.foreverliss.com.br/kit-oleos-capilares-superpoderosos-completo-60ml","","","no","08/07/2026 13:57:21","Kit Óleos Capilares Superpoderosos completo 60ml Forever Liss",""
"3996047","Forever Liss BR","17619","promotion","","Reconstrutor SOS Antiemborrachamento 300g Forever Liss","08/07/2026 00:00:00","23/07/2026 23:59:59","Cosmetics & Skincare","Brazil","...","https://www.awin1.com/cread.php?awinmid=17619&awinaffid=2104315&ued=https%3A%2F%2Fwww.foreverliss.com.br%2Freconstrutor-sos-antiemborrachamento-forever-liss-300g","https://www.foreverliss.com.br/reconstrutor-sos-antiemborrachamento-forever-liss-300g","","","no","08/07/2026 13:57:07","Reconstrutor SOS Antiemborrachamento 300g Forever Liss",""
"3996045","Forever Liss BR","17619","promotion","","Máscara de Nutrição Intensa Magia de Unicórnio 250g Forever Liss","08/07/2026 00:00:00","23/07/2026 23:59:59","Cosmetics & Skincare","Brazil","...","https://www.awin1.com/cread.php?awinmid=17619&awinaffid=2104315&ued=https%3A%2F%2Fwww.foreverliss.com.br%2Fmascara-de-nutricao-intensa-magia-de-unicornio-250g","https://www.foreverliss.com.br/mascara-de-nutricao-intensa-magia-de-unicornio-250g","","","no","08/07/2026 13:56:55","Máscara de Nutrição Intensa Magia de Unicórnio 250g Forever Liss",""
"3996043","Forever Liss BR","17619","promotion","","Kit Mini Óleos Capilares Superpoderosos 7ml Forever Liss","08/07/2026 00:00:00","23/07/2026 23:59:59","Cosmetics & Skincare","Brazil","...","https://www.awin1.com/cread.php?awinmid=17619&awinaffid=2104315&ued=https%3A%2F%2Fwww.foreverliss.com.br%2Fkit-oleos-capilares-superpoderosos-completo-7ml","https://www.foreverliss.com.br/kit-oleos-capilares-superpoderosos-completo-7ml","","","no","08/07/2026 13:56:49","Kit Mini Óleos Capilares Superpoderosos 7ml Forever Liss",""
"3996041","Forever Liss BR","17619","promotion","","Kit Completo Magia de Unicórnio Forever Liss cuidados intensivos capilares","08/07/2026 00:00:00","23/07/2026 23:59:59","Cosmetics & Skincare","Brazil","...","https://www.awin1.com/cread.php?awinmid=17619&awinaffid=2104315&ued=https%3A%2F%2Fwww.foreverliss.com.br%2Fkit-completo-magia-de-unicornio","https://www.foreverliss.com.br/kit-completo-magia-de-unicornio","","","no","08/07/2026 13:56:33","Kit Completo Magia de Unicórnio Forever Liss cuidados intensivos capilares",""
"3996039","Forever Liss BR","17619","promotion","","Kit Banho de Verniz Forever Liss tratamento completo capilar","08/07/2026 00:00:00","23/07/2026 23:59:59","Cosmetics & Skincare","Brazil","...","https://www.awin1.com/cread.php?awinmid=17619&awinaffid=2104315&ued=https%3A%2F%2Fwww.foreverliss.com.br%2Fkit-banho-de-verniz","https://www.foreverliss.com.br/kit-banho-de-verniz","","","no","08/07/2026 13:56:21","Kit Banho de Verniz Forever Liss tratamento completo capilar",""
"3996037","Forever Liss BR","17619","promotion","","Kit Desmaia Cabelo Completo Forever Liss com escova desembaraçadora","08/07/2026 00:00:00","23/07/2026 23:59:59","Cosmetics & Skincare","Brazil","...","https://www.awin1.com/cread.php?awinmid=17619&awinaffid=2104315&ued=https%3A%2F%2Fwww.foreverliss.com.br%2Fkit-desmaia-cabelo-completo","https://www.foreverliss.com.br/kit-desmaia-cabelo-completo","","","no","08/07/2026 13:56:11","Kit Desmaia Cabelo Completo Forever Liss com escova desembaraçadora",""
"3996035","Forever Liss BR","17619","promotion","","Caixa Misteriosa Forever Liss seleção surpresa com alto valor agregado","08/07/2026 00:00:00","23/07/2026 23:59:59","Cosmetics & Skincare","Brazil","...","https://www.awin1.com/cread.php?awinmid=17619&awinaffid=2104315&ued=https%3A%2F%2Fwww.foreverliss.com.br%2Fc%2Fcaixa-misteriosa","https://www.foreverliss.com.br/c/caixa-misteriosa","","","no","08/07/2026 13:56:00","Caixa Misteriosa Forever Liss seleção surpresa com alto valor agregado",""
"3996033","Forever Liss BR","17619","promotion","","Compre e Ganhe mini óleo nas compras acima de R$140","08/07/2026 00:00:00","23/07/2026 23:59:59","Cosmetics & Skincare","Brazil","...","https://www.awin1.com/cread.php?awinmid=17619&awinaffid=2104315&ued=https%3A%2F%2Fwww.foreverliss.com.br%2Fc%2Fofertas","https://www.foreverliss.com.br/c/ofertas","","","no","08/07/2026 13:55:48","Compre e Ganhe mini óleo nas compras acima de R$140",""
"3996031","Forever Liss BR","17619","promotion","","SUPER SALE FOREVER LISS produtos a partir de R$9.99","08/07/2026 00:00:00","23/07/2026 23:59:59","Cosmetics & Skincare","Brazil","...","https://www.awin1.com/cread.php?awinmid=17619&awinaffid=2104315&ued=https%3A%2F%2Fwww.foreverliss.com.br%2Fc%2Fofertas","https://www.foreverliss.com.br/c/ofertas","","","no","08/07/2026 13:55:37","SUPER SALE FOREVER LISS produtos a partir de R$9.99",""
"3995455","Centauro BR","17806","voucher","MAIS15","CUPOM MAIS15 - 15% OFF em lista selecionada","08/07/2026 00:00:00","30/07/2026 23:59:59","Clothing & Accessories","Brazil","..","https://www.awin1.com/cread.php?awinmid=17806&awinaffid=2104315&ued=https%3A%2F%2Fwww.centauro.com.br%2Fhotsite%2Fmais15","https://www.centauro.com.br/hotsite/mais15","","","no","08/07/2026 13:09:21","CUPOM MAIS15 - 15% OFF em lista selecionada",""
"3995421","Forever Liss BR","17619","voucher","MEMBROSFRETE","Frete grátis em compras acima de R$ 120 válido em todos os produtos economize no envio exclusivo para membros","08/07/2026 00:00:00","23/07/2026 23:59:59","Cosmetics & Skincare","Brazil","..","https://www.awin1.com/cread.php?awinmid=17619&awinaffid=2104315&ued=https%3A%2F%2Fwww.foreverliss.com.br%2Fc%2Fmembros","https://www.foreverliss.com.br/c/membros","","","no","08/07/2026 13:08:08","Frete grátis em compras acima de R$ 120 válido em todos os produtos economize no envio exclusivo para membros",""
"3995415","Forever Liss BR","17619","voucher","MEMBROSBRINDE","Brinde exclusivo em compras acima de R$ 120 válido em todos os produtos aproveite a oferta especial para membros","08/07/2026 00:00:00","23/07/2026 23:59:59","Cosmetics & Skincare","Brazil","..","https://www.awin1.com/cread.php?awinmid=17619&awinaffid=2104315&ued=https%3A%2F%2Fwww.foreverliss.com.br%2Fc%2Fmembros","https://www.foreverliss.com.br/c/membros","","","no","08/07/2026 13:07:36","Brinde exclusivo em compras acima de R$ 120 válido em todos os produtos aproveite a oferta especial para membros",""
"3995411","Forever Liss BR","17619","voucher","MEMBROS15","15% OFF em todos os produtos para compras acima de R$ 120 com desconto máximo de R$ 50 exclusivo para membros","08/07/2026 00:00:00","23/07/2026 23:59:59","Cosmetics & Skincare","Brazil","..","https://www.awin1.com/cread.php?awinmid=17619&awinaffid=2104315&ued=https%3A%2F%2Fwww.foreverliss.com.br%2Fc%2Fmembros","https://www.foreverliss.com.br/c/membros","","","no","08/07/2026 13:07:25","15% OFF em todos os produtos para compras acima de R$ 120 com desconto máximo de R$ 50 exclusivo para membros",""
"3995407","Forever Liss BR","17619","voucher","QUERIDINHO15","15% OFF em todos os produtos para compras acima de R$ 120 com desconto máximo de R$ 50 aproveite os queridinhos da marca","08/07/2026 00:00:00","23/07/2026 23:59:59","Cosmetics & Skincare","Brazil","..","https://www.awin1.com/cread.php?awinmid=17619&awinaffid=2104315&ued=https%3A%2F%2Fwww.foreverliss.com.br%2Fc%2Fcupons","https://www.foreverliss.com.br/c/cupons","","","no","08/07/2026 13:07:14","15% OFF em todos os produtos para compras acima de R$ 120 com desconto máximo de R$ 50 aproveite os queridinhos da marca",""
"3993363","Dafiti BR","17697","voucher","QUERO300","R$300 OFF acima de R$1.700","07/07/2026 00:00:00","07/09/2026 23:59:59","Clothing & Accessories","Brazil","..","https://www.awin1.com/cread.php?awinmid=17697&awinaffid=2104315&ued=https%3A%2F%2Fwww.dafiti.com.br%2Fpromocao%2Fgeral%2Fdata-dupla-com-ate%2F","https://www.dafiti.com.br/promocao/geral/data-dupla-com-ate/","","","no","07/07/2026 16:53:32","R$300 OFF acima de R$1.700",""
"3993359","Dafiti BR","17697","voucher","QUERO150","R$150 OFF acima de R$1.000","07/07/2026 00:00:00","07/09/2026 23:59:59","Clothing & Accessories","Brazil","..","https://www.awin1.com/cread.php?awinmid=17697&awinaffid=2104315&ued=https%3A%2F%2Fwww.dafiti.com.br%2Fpromocao%2Fgeral%2Fdata-dupla-com-ate%2F","https://www.dafiti.com.br/promocao/geral/data-dupla-com-ate/","","","no","07/07/2026 16:53:17","R$150 OFF acima de R$1.000",""
"3993353","Dafiti BR","17697","voucher","QUERO50","R$50 OFF acima de R$500","07/07/2026 00:00:00","07/09/2026 23:59:59","Clothing & Accessories","Brazil","..","https://www.awin1.com/cread.php?awinmid=17697&awinaffid=2104315&ued=https%3A%2F%2Fwww.dafiti.com.br%2Fpromocao%2Fgeral%2Fdata-dupla-com-ate%2F","https://www.dafiti.com.br/promocao/geral/data-dupla-com-ate/","","","no","07/07/2026 16:53:03","R$50 OFF acima de R$500",""
"3993349","Dafiti BR","17697","voucher","SPORTS3O","Seleção Sports 30% OFF com cupom","07/06/2026 00:00:00","31/07/2026 23:59:59","Clothing & Accessories","Brazil","..","https://www.awin1.com/cread.php?awinmid=17697&awinaffid=2104315&ued=https%3A%2F%2Fwww.dafiti.com.br%2Fpromocao%2Fgeral%2Fselecao-sports-cupom20","https://www.dafiti.com.br/promocao/geral/selecao-sports-cupom20","","","no","07/07/2026 16:52:54","Seleção Sports 30% OFF com cupom",""
"3992139","Madeira Madeira BR","17762","voucher","DESCONTA50","R$ 50 OFF em compras acima de R$ 599 na seleção aniversário MadeiraMadeira aproveite ofertas especiais em produtos para casa por tempo limitado","07/07/2026 00:00:00","31/07/2026 23:59:59","Home & Garden","Brazil","..","https://www.awin1.com/cread.php?awinmid=17762&awinaffid=2104315&ued=https%3A%2F%2Fwww.madeiramadeira.com.br%2Fhotsite%2Fselecaocomcupom3p50-jun26","https://www.madeiramadeira.com.br/hotsite/selecaocomcupom3p50-jun26","","","no","07/07/2026 13:00:38","R$ 50 OFF em compras acima de R$ 599 na seleção aniversário MadeiraMadeira aproveite ofertas especiais em produtos para casa por tempo limitado",""
"3992135","Madeira Madeira BR","17762","voucher","DESCONTA100","R$ 100 OFF em compras acima de R$ 999 na seleção aniversário MadeiraMadeira aproveite descontos especiais em móveis e decoração por tempo limitado","07/07/2026 00:00:00","31/07/2026 23:59:59","Home & Garden","Brazil","..","https://www.awin1.com/cread.php?awinmid=17762&awinaffid=2104315&ued=https%3A%2F%2Fwww.madeiramadeira.com.br%2Fhotsite%2Fselecaocomcupom3p100-jun26","https://www.madeiramadeira.com.br/hotsite/selecaocomcupom3p100-jun26","","","no","07/07/2026 13:00:17","R$ 100 OFF em compras acima de R$ 999 na seleção aniversário MadeiraMadeira aproveite descontos especiais em móveis e decoração por tempo limitado",""
"3992127","Fastshop BR","17590","voucher","TEC10","10% OFF em itens selecionados, limitado ao valor de R$150.","07/07/2026 00:00:00","31/07/2026 10:00:00","Home & Garden","Brazil","..","https://www.awin1.com/cread.php?awinmid=17590&awinaffid=2104315&ued=https%3A%2F%2Fsite.fastshop.com.br%2Fcolecao%2F4129","https://site.fastshop.com.br/colecao/4129","","","no","07/07/2026 12:59:36","10% OFF em itens selecionados, limitado ao valor de R$150.",""
"3987829","Madeira Madeira BR","17762","promotion","","Lancamento sofa Comfy linha moderna e confortavel para sala","03/07/2026 00:00:00","31/07/2026 23:59:59","Home & Garden","Brazil","..","https://www.awin1.com/cread.php?awinmid=17762&awinaffid=2104315&ued=https%3A%2F%2Fwww.madeiramadeira.com.br%2Flanding%2Fsofa-comfy","https://www.madeiramadeira.com.br/landing/sofa-comfy","","","no","03/07/2026 14:56:32","Lancamento sofa Comfy linha moderna e confortavel para sala",""
"3987827","Madeira Madeira BR","17762","promotion","","Lancamento cozinha Marselha nova linha exclusiva de moveis","03/07/2026 00:00:00","31/07/2026 23:59:59","Home & Garden","Brazil","..","https://www.awin1.com/cread.php?awinmid=17762&awinaffid=2104315&ued=https%3A%2F%2Fwww.madeiramadeira.com.br%2Flanding%2Flinha-marselha-cabecasa","https://www.madeiramadeira.com.br/landing/linha-marselha-cabecasa","","","no","03/07/2026 14:56:12","Lancamento cozinha Marselha nova linha exclusiva de moveis",""
"3987825","Madeira Madeira BR","17762","promotion","","Operacao casa reformada com ate 60 por cento OFF em moveis e decoracao","03/07/2026 00:00:00","31/07/2026 23:59:59","Home & Garden","Brazil","..","https://www.awin1.com/cread.php?awinmid=17762&awinaffid=2104315&ued=https%3A%2F%2Fwww.madeiramadeira.com.br%2Fhotsite%2Fop-casa-reformada-jul01","https://www.madeiramadeira.com.br/hotsite/op-casa-reformada-jul01","","","no","03/07/2026 14:56:00","Operacao casa reformada com ate 60 por cento OFF em moveis e decoracao",""
"3987619","Madeira Madeira BR","17762","voucher","VALE80MM","R$ 80 OFF em compras acima de R$ 1.399 exclusivo no app aproveite condições especiais em móveis selecionados","03/07/2026 00:00:00","31/07/2026 23:59:59","Home & Garden","Brazil","..","https://www.awin1.com/cread.php?awinmid=17762&awinaffid=2104315&ued=https%3A%2F%2Fwww.madeiramadeira.com.br","https://www.madeiramadeira.com.br","","","no","03/07/2026 14:33:25","R$ 80 OFF em compras acima de R$ 1.399 exclusivo no app aproveite condições especiais em móveis selecionados",""
"3987615","Madeira Madeira BR","17762","voucher","GANHE45MM","R$ 45 OFF em compras acima de R$ 1.399 na seleção MadeiraMadeira aproveite descontos especiais em produtos para casa","03/07/2026 00:00:00","31/07/2026 23:59:59","Home & Garden","Brazil","..","https://www.awin1.com/cread.php?awinmid=17762&awinaffid=2104315&ued=https%3A%2F%2Fwww.madeiramadeira.com.br","https://www.madeiramadeira.com.br","","","no","03/07/2026 14:33:08","R$ 45 OFF em compras acima de R$ 1.399 na seleção MadeiraMadeira aproveite descontos especiais em produtos para casa",""
"3987611","Madeira Madeira BR","17762","voucher","CANTINHO60","R$ 60 OFF na primeira compra em pedidos acima de R$ 899 aproveite o benefício exclusivo para novos clientes em móveis selecionados","03/07/2026 00:00:00","31/07/2026 23:59:59","Home & Garden","Brazil","..","https://www.awin1.com/cread.php?awinmid=17762&awinaffid=2104315&ued=https%3A%2F%2Fwww.madeiramadeira.com.br%2Fhotsite%2Fselecao3pcupomincub-junho26","https://www.madeiramadeira.com.br/hotsite/selecao3pcupomincub-junho26","","","no","03/07/2026 14:32:48","R$ 60 OFF na primeira compra em pedidos acima de R$ 899 aproveite o benefício exclusivo para novos clientes em móveis selecionados",""
"3987571","Gigantec BR","115463","promotion","","Ofertas especiais aniversario Gigantec 14 anos em produtos selecionados","03/07/2026 00:00:00","31/07/2026 23:59:59","Home Appliances","Brazil","..","https://www.awin1.com/cread.php?awinmid=115463&awinaffid=2104315&ued=https%3A%2F%2Fwww.gigantec.com.br%2Fpromocao%2Faniversario-gigantec.html","https://www.gigantec.com.br/promocao/aniversario-gigantec.html","","","no","03/07/2026 14:28:46","Ofertas especiais aniversario Gigantec 14 anos em produtos selecionados",""
"3987569","Gigantec BR","115463","promotion","","Blender Cadence Zoop Contrast BLD701 compacto","03/07/2026 00:00:00","31/07/2026 23:59:59","Home Appliances","Brazil","..","https://www.awin1.com/cread.php?awinmid=115463&awinaffid=2104315&ued=https%3A%2F%2Fwww.gigantec.com.br%2Fblender-cadence-zoop-contrast-bld701%2Fp%3FskuId%3D116435","https://www.gigantec.com.br/blender-cadence-zoop-contrast-bld701/p?skuId=116435","","","no","03/07/2026 14:28:26","Blender Cadence Zoop Contrast BLD701 compacto",""
"3987567","Gigantec BR","115463","promotion","","Monitor LG 34 polegadas Ultra Wide IPS Full HD","03/07/2026 00:00:00","31/07/2026 23:59:59","Home Appliances","Brazil","..","https://www.awin1.com/cread.php?awinmid=115463&awinaffid=2104315&ued=https%3A%2F%2Fwww.gigantec.com.br%2Fmonitor-lg-34-led-ips-ultra-wide-full-hd-34wp550.html","https://www.gigantec.com.br/monitor-lg-34-led-ips-ultra-wide-full-hd-34wp550.html","","","no","03/07/2026 14:28:07","Monitor LG 34 polegadas Ultra Wide IPS Full HD",""
"3987565","Gigantec BR","115463","promotion","","Monitor gamer LG UltraGear 24 polegadas 180Hz IPS 1ms","03/07/2026 00:00:00","31/07/2026 23:59:59","Home Appliances","Brazil","..","https://www.awin1.com/cread.php?awinmid=115463&awinaffid=2104315&ued=https%3A%2F%2Fwww.gigantec.com.br%2Fmonitor-gamer-lg-ultragear-24-ips-180hz-1ms-gtg-nvidia-g-sync-amd-freesync-hdr10-srgb-99-24gs60f-b.html","https://www.gigantec.com.br/monitor-gamer-lg-ultragear-24-ips-180hz-1ms-gtg-nvidia-g-sync-amd-freesync-hdr10-srgb-99-24gs60f-b.html","","","no","03/07/2026 14:27:48","Monitor gamer LG UltraGear 24 polegadas 180Hz IPS 1ms",""
"3987563","Gigantec BR","115463","promotion","","Processador AMD Ryzen 7 7800X3D AM5 ate 5.0GHz","03/07/2026 00:00:00","31/07/2026 23:59:59","Home Appliances","Brazil","..","https://www.awin1.com/cread.php?awinmid=115463&awinaffid=2104315&ued=https%3A%2F%2Fwww.gigantec.com.br%2Fprocessador-amd-ryzen-7-7800x3d-am5-4-2ghz-5-0ghz-max-turbo-104mb-c-video-sem-cooler-100-100000910wof.html","https://www.gigantec.com.br/processador-amd-ryzen-7-7800x3d-am5-4-2ghz-5-0ghz-max-turbo-104mb-c-video-sem-cooler-100-100000910wof.html","","","no","03/07/2026 14:27:18","Processador AMD Ryzen 7 7800X3D AM5 ate 5.0GHz",""
"3987561","Gigantec BR","115463","promotion","","Teclado gamer Redragon Kumara Pro K552 RGB switch marrom","03/07/2026 00:00:00","31/07/2026 23:59:59","Home Appliances","Brazil","..","https://www.awin1.com/cread.php?awinmid=115463&awinaffid=2104315&ued=https%3A%2F%2Fwww.gigantec.com.br%2Fteclado-magnetico-gamer-redragon-kumara-pro-k552rgb-rgb-switch-marrom-c-fio-abnt2-preto.html","https://www.gigantec.com.br/teclado-magnetico-gamer-redragon-kumara-pro-k552rgb-rgb-switch-marrom-c-fio-abnt2-preto.html","","","no","03/07/2026 14:26:58","Teclado gamer Redragon Kumara Pro K552 RGB switch marrom",""
"3987555","Gigantec BR","115463","promotion","","Mouse gamer Redragon Cobra M711 RGB 10000 DPI","03/07/2026 00:00:00","31/07/2026 23:59:59","Home Appliances","Brazil","..","https://www.awin1.com/cread.php?awinmid=115463&awinaffid=2104315&ued=https%3A%2F%2Fwww.gigantec.com.br%2Fmouse-gamer-redragon-cobra-m711-rgb-10000dpi-7-botoes-pixart-pmw3325-preto.html","https://www.gigantec.com.br/mouse-gamer-redragon-cobra-m711-rgb-10000dpi-7-botoes-pixart-pmw3325-preto.html","","","no","03/07/2026 14:26:28","Mouse gamer Redragon Cobra M711 RGB 10000 DPI",""
"3987551","Gigantec BR","115463","promotion","","Placa de video MSI RTX 5060 Shadow 2X OC 8GB GDDR7","03/07/2026 00:00:00","31/07/2026 23:59:59","Home Appliances","Brazil","..","https://www.awin1.com/cread.php?awinmid=115463&awinaffid=2104315&ued=https%3A%2F%2Fwww.gigantec.com.br%2Fplaca-de-video-msi-rtx-5060-shadow-2x-oc-8gb-gddr7-128bits-912-v537-037.html","https://www.gigantec.com.br/placa-de-video-msi-rtx-5060-shadow-2x-oc-8gb-gddr7-128bits-912-v537-037.html","","","no","03/07/2026 14:26:01","Placa de video MSI RTX 5060 Shadow 2X OC 8GB GDDR7",""
"3987539","Gigantec BR","115463","promotion","","Monitor VX Pro 19 polegadas LED 60Hz HDMI VGA","03/07/2026 00:00:00","31/07/2026 23:59:59","Home Appliances","Brazil","..","https://www.awin1.com/cread.php?awinmid=115463&awinaffid=2104315&ued=https%3A%2F%2Fwww.gigantec.com.br%2Fmonitor-vx-pro-19-led-60hz-hdmi-vga-vx190x.html","https://www.gigantec.com.br/monitor-vx-pro-19-led-60hz-hdmi-vga-vx190x.html","","","no","03/07/2026 14:25:11","Monitor VX Pro 19 polegadas LED 60Hz HDMI VGA",""
"3987537","Gigantec BR","115463","promotion","","Placa de video Zotac RTX 5060 Twin Edge 8GB OC GDDR7","03/07/2026 00:00:00","31/07/2026 23:59:59","Home Appliances","Brazil","..","https://www.awin1.com/cread.php?awinmid=115463&awinaffid=2104315&ued=https%3A%2F%2Fwww.gigantec.com.br%2Fplaca-de-video-zotac-rtx-5060-twin-edge-8gb-oc-gddr7-128bits-zt-b50600h-10m.html","https://www.gigantec.com.br/placa-de-video-zotac-rtx-5060-twin-edge-8gb-oc-gddr7-128bits-zt-b50600h-10m.html","","","no","03/07/2026 14:24:59","Placa de video Zotac RTX 5060 Twin Edge 8GB OC GDDR7",""
"3987533","Gigantec BR","115463","voucher","PRIMEIRACOMPRA","5% OFF em todo o site válido para primeira compra aproveite o benefício exclusivo para novos clientes","03/07/2026 00:00:00","31/07/2026 23:59:59","Home Appliances","Brazil","..","https://www.awin1.com/cread.php?awinmid=115463&awinaffid=2104315&ued=https%3A%2F%2Fwww.gigantec.com.br%2F","https://www.gigantec.com.br/","","","no","03/07/2026 14:24:41","5% OFF em todo o site válido para primeira compra aproveite o benefício exclusivo para novos clientes",""
"3987527","Gigantec BR","115463","voucher","GIGANIVER5","5% OFF em todo o site sem restrições aproveite o desconto especial de aniversário em diversos produtos","03/07/2026 00:00:00","31/07/2026 23:59:59","Home Appliances","Brazil","..","https://www.awin1.com/cread.php?awinmid=115463&awinaffid=2104315&ued=https%3A%2F%2Fwww.gigantec.com.br%2F","https://www.gigantec.com.br/","","","no","03/07/2026 14:24:28","5% OFF em todo o site sem restrições aproveite o desconto especial de aniversário em diversos produtos",""
"3987531","Gigantec BR","115463","promotion","","HD Externo Seagate Expansion 8TB USB 3.0 com cupom GIGANIVER5","03/07/2026 00:00:00","31/07/2026 23:59:59","Home Appliances","Brazil","..","https://www.awin1.com/cread.php?awinmid=115463&awinaffid=2104315&ued=https%3A%2F%2Fwww.gigantec.com.br%2Fhd-externo-seagate-expansion-8tb-usb-3-0-stkp8000400.html","https://www.gigantec.com.br/hd-externo-seagate-expansion-8tb-usb-3-0-stkp8000400.html","","","no","03/07/2026 14:24:28","HD Externo Seagate Expansion 8TB USB 3.0 com cupom GIGANIVER5",""
"3982157","Fastshop BR","17590","voucher","JBL25 ","25% OFF em itens selecionados JBL","01/07/2026 00:00:00","31/07/2026 23:00:00","Electronics","Brazil","..","https://www.awin1.com/cread.php?awinmid=17590&awinaffid=2104315&ued=https%3A%2F%2Fsite.fastshop.com.br%2Fcolecao%2F1659","https://site.fastshop.com.br/colecao/1659","","","no","01/07/2026 12:57:33","25% OFF em itens selecionados JBL",""
"3979979","Brinox Shop BR","25279","promotion","","Panela de Pressão Indução Brinox Antiaderente Ceramic Life Pressure 5.4 Litros Vanilla","30/06/2026 00:00:00","31/07/2026 23:59:59","Home & Garden","Brazil","...","https://www.awin1.com/cread.php?awinmid=25279&awinaffid=2104315&ued=https%3A%2F%2Fwww.brinox.com.br%2Fpanela-de-pressao-inducao-brinox-antiaderente-ceramic-life-pressure-5-4-litros-vanilla-4953103%2Fp","https://www.brinox.com.br/panela-de-pressao-inducao-brinox-antiaderente-ceramic-life-pressure-5-4-litros-vanilla-4953103/p","","","no","30/06/2026 16:52:02","Panela de Pressão Indução Brinox Antiaderente Ceramic Life Pressure 5.4 Litros Vanilla",""
"3979975","Brinox Shop BR","25279","voucher","LASANHA15","15% OFF em lista selecionada","27/07/2026 00:00:00","01/08/2026 23:59:59","Home & Garden","Brazil","..","https://www.awin1.com/cread.php?awinmid=25279&awinaffid=2104315&ued=https%3A%2F%2Fwww.brinox.com.br%2Fofertas-forno-e-fogao","https://www.brinox.com.br/ofertas-forno-e-fogao","","","no","30/06/2026 16:51:53","15% OFF em lista selecionada",""
"3979977","Brinox Shop BR","25279","promotion","","Jogo de Panelas com Indução Brinox Duna Antiaderente Ceramic Life 5 Peças Terracota","30/06/2026 00:00:00","31/07/2026 23:59:59","Home & Garden","Brazil","...","https://www.awin1.com/cread.php?awinmid=25279&awinaffid=2104315&ued=https%3A%2F%2Fwww.brinox.com.br%2Fjogo-de-panelas-com-inducao-brinox-duna-antiaderente-ceramic-life-5-pecas-terracota-994242171%2Fp","https://www.brinox.com.br/jogo-de-panelas-com-inducao-brinox-duna-antiaderente-ceramic-life-5-pecas-terracota-994242171/p","","","no","30/06/2026 16:51:53","Jogo de Panelas com Indução Brinox Duna Antiaderente Ceramic Life 5 Peças Terracota",""
"3979971","Brinox Shop BR","25279","promotion","","Jogo de Panelas Brinox Primea Antiaderente Ceramic Life 5 Peças Cappuccino","30/06/2026 00:00:00","31/07/2026 23:59:59","Home & Garden","Brazil","...","https://www.awin1.com/cread.php?awinmid=25279&awinaffid=2104315&ued=https%3A%2F%2Fwww.brinox.com.br%2Fjogo-de-panelas-brinox-primea-ceramic-life-5-pecas-cappuccino-994242191%2Fp","https://www.brinox.com.br/jogo-de-panelas-brinox-primea-ceramic-life-5-pecas-cappuccino-994242191/p","","","no","30/06/2026 16:51:43","Jogo de Panelas Brinox Primea Antiaderente Ceramic Life 5 Peças Cappuccino",""
"3979973","Brinox Shop BR","25279","voucher","15BFF","15% OFF em jogos de panelas + utensílios","19/07/2026 00:00:00","25/07/2026 23:59:59","Home & Garden","Brazil","..","https://www.awin1.com/cread.php?awinmid=25279&awinaffid=2104315&ued=https%3A%2F%2Fwww.brinox.com.br%2Famigos-inseparaveis","https://www.brinox.com.br/amigos-inseparaveis","","","no","30/06/2026 16:51:43","15% OFF em jogos de panelas + utensílios",""
"3979957","Brinox Shop BR","25279","voucher","BDAY150","R$150 OFF em compras acima de R$ 999","30/06/2026 00:00:00","31/07/2026 23:59:59","Home & Garden","Brazil","..","https://www.awin1.com/cread.php?awinmid=25279&awinaffid=2104315&ued=https%3A%2F%2Fwww.brinox.com.br%2F","https://www.brinox.com.br/","","","no","30/06/2026 16:51:03","R$150 OFF em compras acima de R$ 999",""
"3979953","Brinox Shop BR","25279","voucher","BDAY100","R$100 OFF em compras acima de R$ 599","30/06/2026 00:00:00","31/07/2026 23:59:59","Home & Garden","Brazil","..","https://www.awin1.com/cread.php?awinmid=25279&awinaffid=2104315&ued=https%3A%2F%2Fwww.brinox.com.br%2F","https://www.brinox.com.br/","","","no","30/06/2026 16:50:53","R$100 OFF em compras acima de R$ 599",""
"3979949","Brinox Shop BR","25279","voucher","BDAY50","R$50 OFF em compras acima de R$ 399","30/06/2026 00:00:00","31/07/2026 23:59:59","Home & Garden","Brazil","..","https://www.awin1.com/cread.php?awinmid=25279&awinaffid=2104315&ued=https%3A%2F%2Fwww.brinox.com.br%2F","https://www.brinox.com.br/","","","no","30/06/2026 16:50:42","R$50 OFF em compras acima de R$ 399",""
"3979345","Olympikus BR","17698","voucher","AQUECE20","Liquida Inverno com desconto progressivo sendo 10% OFF em 1 peça 15% OFF em 2 peças e 20% OFF em 3 ou mais itens usando o cupom AQUECE20 aproveite a campanha especial de inverno","30/06/2026 00:00:00","30/09/2026 23:59:59","Clothing & Accessories","Brazil","..","https://www.awin1.com/cread.php?awinmid=17698&awinaffid=2104315&ued=https%3A%2F%2Fwww.olympikus.com.br%2Fliquida-inverno","https://www.olympikus.com.br/liquida-inverno","","","no","30/06/2026 12:42:56","Liquida Inverno com desconto progressivo sendo 10% OFF em 1 peça 15% OFF em 2 peças e 20% OFF em 3 ou mais itens usando o cupom AQUECE20 aproveite a campanha especial de inverno",""
"3974535","Jo Malone BR","22390","promotion","","Ganhe caixa Veggies exclusiva na compra de 2 itens da coleção limitada Veggies","26/06/2026 00:00:00","26/07/2026 23:59:59","Cosmetics & Skincare","Brazil","..","https://www.awin1.com/cread.php?awinmid=22390&awinaffid=2104315&ued=https%3A%2F%2Fwww.jomalone.com.br%2Fcolecao-veggies","https://www.jomalone.com.br/colecao-veggies","","","no","26/06/2026 14:56:25","Ganhe caixa Veggies exclusiva na compra de 2 itens da coleção limitada Veggies",""
"3952685","Aramis BR","121392","voucher","AWIN10","Outlet com +10% OFF","15/06/2026 00:00:00","31/10/2026 23:59:59","Clothing & Accessories","Brazil","..","https://www.awin1.com/cread.php?awinmid=121392&awinaffid=2104315&ued=https%3A%2F%2Fwww.aramis.com.br%2Fsale","https://www.aramis.com.br/sale","","","no","15/06/2026 12:54:35","Outlet com +10% OFF",""
"3952679","Aramis BR","121392","voucher","AWINPRIM","Primeira compra: 15% OFF sem valor mínimo de compra","15/06/2026 00:00:00","31/12/2026 23:59:59","Clothing & Accessories","Brazil","..","https://www.awin1.com/cread.php?awinmid=121392&awinaffid=2104315&ued=https%3A%2F%2Fwww.aramis.com.br%2F","https://www.aramis.com.br/","","","no","15/06/2026 12:54:18","Primeira compra: 15% OFF sem valor mínimo de compra",""
"3933529","Loja Ybera BR","124920","voucher","QUERO20","Oferta exclusiva para 1ª compra no site lojaybera.com.br","03/06/2026 17:22:00","31/07/2026 23:59:00","Haircare Products","All Regions","Cupom não cumulativo com outras promoções. Válido até 30/06/2026 às 23h59, podendo ser suspenso a qualquer momento sem prévio aviso.","https://www.awin1.com/cread.php?awinmid=124920&awinaffid=2104315&ued=https%3A%2F%2Fwww.lojaybera.com.br%2F","https://www.lojaybera.com.br/","","","no","03/06/2026 17:22:12","20% OFF EM TODO O SITE",""
"3933527","Loja Ybera BR","124920","voucher","DESCONTOVALIDO","Desconto de parceiro. Não cumulativo com outras promos.","03/06/2026 17:18:00","31/12/2026 23:59:00","Haircare Products","All Regions","Cupom não cumulativo com outras promoções. Válido até 30/06/2026 às 23h59, podendo ser suspenso a qualquer momento sem prévio aviso.","https://www.awin1.com/cread.php?awinmid=124920&awinaffid=2104315&ued=https%3A%2F%2Fwww.lojaybera.com.br%2F","https://www.lojaybera.com.br/","","","no","03/06/2026 17:18:06","25% OFF TODO O SITE",""
"3929681","Brinox Shop BR","25279","voucher","INVERNOBRINOX","15% OFF em todo o site","20/06/2026 00:00:00","21/09/2026 23:59:59","Home Appliances","Brazil","..","https://www.awin1.com/cread.php?awinmid=25279&awinaffid=2104315&ued=https%3A%2F%2Fwww.brinox.com.br%2F","https://www.brinox.com.br/","","","no","02/06/2026 16:43:07","15% OFF em todo o site",""
"3926517","Jo Malone BR","22390","promotion","","Ganhe bolsa Brit Collection na compra de 3 itens da coleção limitada Veggies fragrâncias da estação direto da horta","02/06/2026 00:00:00","31/07/2026 23:59:00","Cosmetics & Skincare","Brazil","..","https://www.awin1.com/cread.php?awinmid=22390&awinaffid=2104315&ued=https%3A%2F%2Fwww.jomalone.com.br%2Fcolecao-veggies","https://www.jomalone.com.br/colecao-veggies","","","no","01/06/2026 16:42:54","Ganhe bolsa Brit Collection na compra de 3 itens da coleção limitada Veggies fragrâncias da estação direto da horta",""
"3882297","Clinique BR","17752","promotion","","Sua rotina de skincare com até 15% OFF em itens selecionados no Outlet Clinique. Sujeito à disponibilidade de estoque.","11/05/2026 00:00:00","31/12/2026 23:59:59","Cosmetics & Skincare","Brazil","...","https://www.awin1.com/cread.php?awinmid=17752&awinaffid=2104315&ued=https%3A%2F%2Fwww.clinique.com.br%2Fproducts%2F1590%2Fultima-chance","https://www.clinique.com.br/products/1590/ultima-chance","","","no","11/05/2026 12:13:10","Sua rotina de skincare com até 15% OFF em itens selecionados no Outlet Clinique. Sujeito à disponibilidade de estoque.",""
"3882293","Fastshop BR","17590","promotion","","Notebook Lenovo IdeaPad Slim 3x Snapdragon X 16GB 1TB SSD Tela 15.3 Polegadas Windows 11 Copilot+ - 83TW0003","11/05/2026 00:00:00","30/09/2026 23:59:59","Laptops","Brazil","...","https://www.awin1.com/cread.php?awinmid=17590&awinaffid=2104315&ued=https%3A%2F%2Fsite.fastshop.com.br%2Fnotebook-lenovo%25C2%25AE-ideapad-slim-3x--snapdragon-x--16gb--1tb-ssd--tela-de-15-3---w11-copilot----83tw0003-l283tw0003cnz_prd-165271%2Fp","https://site.fastshop.com.br/notebook-lenovo%C2%AE-ideapad-slim-3x--snapdragon-x--16gb--1tb-ssd--tela-de-15-3---w11-copilot----83tw0003-l283tw0003cnz_prd-165271/p","","","no","11/05/2026 12:12:49","Notebook Lenovo IdeaPad Slim 3x Snapdragon X 16GB 1TB SSD Tela 15.3 Polegadas Windows 11 Copilot+ - 83TW0003",""
"3882289","Fastshop BR","17590","promotion","","Smart TV LG QNED MiniLED 4K 55 Polegadas com webOS 25 e Processor α8 AI - 55QNED85ASG","11/05/2026 00:00:00","30/09/2026 23:59:59","Home Appliances","Brazil","...","https://www.awin1.com/cread.php?awinmid=17590&awinaffid=2104315&ued=https%3A%2F%2Fsite.fastshop.com.br%2Fsmart-tv-lg-qned-miniled-4k-55--polegadas-com-webos-25-e-processor-%25CE%25B18-ai---55qned85asg-lg55qned85pto_prd-107667%2Fp","https://site.fastshop.com.br/smart-tv-lg-qned-miniled-4k-55--polegadas-com-webos-25-e-processor-%CE%B18-ai---55qned85asg-lg55qned85pto_prd-107667/p","","","no","11/05/2026 12:12:22","Smart TV LG QNED MiniLED 4K 55 Polegadas com webOS 25 e Processor α8 AI - 55QNED85ASG",""
"3817798","Clinique BR","17752","promotion","","Base e Chubbys. A make que trata a sua pele","02/04/2026 00:00:00","31/07/2026 23:59:59","Cosmetics & Skincare","Brazil","...","https://www.awin1.com/cread.php?awinmid=17752&awinaffid=2104315&ued=https%3A%2F%2Fwww.clinique.com.br%2Fchubby-stick","https://www.clinique.com.br/chubby-stick","","","no","02/04/2026 16:31:15","Base e Chubbys. A make que trata a sua pele",""
"3803106","MAC Cosmeticos BR","17780","promotion","","Aproveite até 20% OFF em itens selecionados no site oficial M·A·C. Ofertas por tempo limitado. Sujeito a disponibilidade de estoque.val 31/12","25/03/2026 00:00:00","31/12/2026 23:59:59","Cosmetics & Skincare","Brazil","...","https://www.awin1.com/cread.php?awinmid=17780&awinaffid=2104315&ued=https%3A%2F%2Fwww.maccosmetics.com.br%2Fproducts%2F16051%2Fprodutos%2Foutlet","https://www.maccosmetics.com.br/products/16051/produtos/outlet","","","no","25/03/2026 16:53:49","Aproveite até 20% OFF em itens selecionados no site oficial M·A·C. Ofertas por tempo limitado. Sujeito a disponibilidade de estoque.val 31/12",""
"3795206","Loja do Mecanico BR","118895","voucher","LDM75OFF","R$ 75 de desconto em pedidos acima de R$ 1.500","20/03/2026 00:00:00","31/12/2026 23:59:59","Home & Garden","Brazil","..","https://www.awin1.com/cread.php?awinmid=118895&awinaffid=2104315&ued=https%3A%2F%2Fwww.lojadomecanico.com.br%2F","https://www.lojadomecanico.com.br/","","","no","20/03/2026 13:02:29","R$ 75 de desconto em pedidos acima de R$ 1.500",""
"3795200","Loja do Mecanico BR","118895","voucher","LDM50OFF","R$ 50 de desconto em pedidos acima de R$ 1.000","20/03/2026 00:00:00","31/12/2026 23:59:59","Home & Garden","Brazil","..","https://www.awin1.com/cread.php?awinmid=118895&awinaffid=2104315&ued=https%3A%2F%2Fwww.lojadomecanico.com.br%2F","https://www.lojadomecanico.com.br/","","","no","20/03/2026 13:02:26","R$ 50 de desconto em pedidos acima de R$ 1.000",""
"3795196","Loja do Mecanico BR","118895","voucher","LDM35OFF","R$ 35 de desconto em pedidos acima de R$ 700","20/03/2026 00:00:00","31/12/2026 23:59:59","Home & Garden","Brazil","..","https://www.awin1.com/cread.php?awinmid=118895&awinaffid=2104315&ued=https%3A%2F%2Fwww.lojadomecanico.com.br%2F","https://www.lojadomecanico.com.br/","","","no","20/03/2026 13:02:22","R$ 35 de desconto em pedidos acima de R$ 700",""
"3795194","Loja do Mecanico BR","118895","voucher","LDM20OFF","R$ 20 de desconto em pedidos acima de R$ 400","20/03/2026 00:00:00","31/12/2026 23:59:59","Home & Garden","Brazil","..","https://www.awin1.com/cread.php?awinmid=118895&awinaffid=2104315&ued=https%3A%2F%2Fwww.lojadomecanico.com.br%2F","https://www.lojadomecanico.com.br/","","","no","20/03/2026 13:02:12","R$ 20 de desconto em pedidos acima de R$ 400",""
"3776400","Arno BR","108626","voucher","LANCAMENTO15","15% OFF em Lançamentos","10/03/2026 15:27:00","31/12/2026 23:59:00","House Accessories","All Regions","15% OFF em lançamentos","https://www.awin1.com/cread.php?awinmid=108626&awinaffid=2104315&ued=https%3A%2F%2Fwww.arno.com.br%2F249%3Fmap%3DproductClusterIds","https://www.arno.com.br/249?map=productClusterIds","","","no","10/03/2026 15:27:04","15% OFF em Lançamentos",""
"3764832","Loja do Mecanico BR","118895","promotion","","Entrega Expressa > Comprou Hoje. Chegou Amanhã!","03/03/2026 00:00:00","31/12/2026 23:59:59","Home & Garden","Brazil","..","https://www.awin1.com/cread.php?awinmid=118895&awinaffid=2104315&ued=https%3A%2F%2Fwww.lojadomecanico.com.br%2Fhotsite%2Fentrega-express","https://www.lojadomecanico.com.br/hotsite/entrega-express","","","no","03/03/2026 13:12:52","Entrega Expressa > Comprou Hoje. Chegou Amanhã!",""
"3764830","Loja do Mecanico BR","118895","promotion","","Landing Page de Frete Grátis","03/03/2026 00:00:00","31/12/2026 23:59:59","Home & Garden","Brazil","..","https://www.awin1.com/cread.php?awinmid=118895&awinaffid=2104315&ued=https%3A%2F%2Fwww.lojadomecanico.com.br%2Fbuscar%2Ffrete-gratis","https://www.lojadomecanico.com.br/buscar/frete-gratis","","","no","03/03/2026 13:12:49","Landing Page de Frete Grátis",""
"3764826","Loja do Mecanico BR","118895","promotion","","Produtos em até 12x Sem Juros! Produtos que estão em campanha de PREÇO ÚNICO no site.app.","03/03/2026 00:00:00","31/12/2026 23:59:59","Home & Garden","Brazil","..","https://www.awin1.com/cread.php?awinmid=118895&awinaffid=2104315&ued=https%3A%2F%2Fwww.lojadomecanico.com.br%2Fhotsite%2Fprodutos-ate-12x-sem-juros","https://www.lojadomecanico.com.br/hotsite/produtos-ate-12x-sem-juros","","","no","03/03/2026 13:12:46","Produtos em até 12x Sem Juros! Produtos que estão em campanha de PREÇO ÚNICO no site.app.",""
"3764824","Loja do Mecanico BR","118895","promotion","","Melhor Preço Hoje! Lista de produtos ganhando Pricing Match contra concorrentes!","03/03/2026 00:00:00","31/12/2026 23:59:59","Home & Garden","Brazil","..","https://www.awin1.com/cread.php?awinmid=118895&awinaffid=2104315&ued=https%3A%2F%2Fwww.lojadomecanico.com.br%2Fhotsite%2Fmelhor-preco-hoje","https://www.lojadomecanico.com.br/hotsite/melhor-preco-hoje","","","no","03/03/2026 13:12:43","Melhor Preço Hoje! Lista de produtos ganhando Pricing Match contra concorrentes!",""
"3764822","Loja do Mecanico BR","118895","promotion","","Mais de R$1 Milhão em Cupons de Desconto!","03/03/2026 00:00:00","31/12/2026 23:59:59","Home & Garden","Brazil","..","https://www.awin1.com/cread.php?awinmid=118895&awinaffid=2104315&ued=https%3A%2F%2Fwww.lojadomecanico.com.br%2Fcupom-de-desconto","https://www.lojadomecanico.com.br/cupom-de-desconto","","","no","03/03/2026 13:12:40","Mais de R$1 Milhão em Cupons de Desconto!",""
"3753324","Electrolux BR","17858","voucher","SEJABEMVINDO","5% Off pra novos compradores","25/02/2026 00:00:00","31/12/2026 23:59:59","Home Appliances","Brazil","..","https://www.awin1.com/cread.php?awinmid=17858&awinaffid=2104315&ued=https%3A%2F%2Floja.electrolux.com.br%2F","https://loja.electrolux.com.br/","","","no","25/02/2026 12:23:39","5% Off pra novos compradores",""
"3689698","oBoticario BR","17659","voucher","VAIDEVISA","10% de desconto na primeira compra em produtos selecionados desta lista","21/01/2026 13:22:00","31/07/2026 23:59:00","Cosmetics","All Regions","-","https://www.awin1.com/cread.php?awinmid=17659&awinaffid=2104315&ued=https%3A%2F%2Fwww.boticario.com.br%2Fcupom-de-desconto%2Fprimeira-compra%2F","https://www.boticario.com.br/cupom-de-desconto/primeira-compra/","","","no","21/01/2026 13:22:16","Cupom Nominal",""
"3684688","Loja do Mecanico BR","118895","promotion","","Cupom de Desconto! Use o cupom OFERTAS5 e ganhe 5% de desconto.","19/01/2026 00:00:00","31/12/2026 23:59:59","Home & Garden","Brazil","...","https://www.awin1.com/cread.php?awinmid=118895&awinaffid=2104315&ued=https%3A%2F%2Fwww.lojadomecanico.com.br","https://www.lojadomecanico.com.br","","","no","19/01/2026 13:07:03","Cupom de Desconto! Use o cupom OFERTAS5 e ganhe 5% de desconto.",""
"3684684","Loja do Mecanico BR","118895","promotion","","Entrega Expressa > Comprou Hoje Chegou Amanhã!","19/01/2026 00:00:00","31/12/2026 23:59:59","Home & Garden","Brazil","...","https://www.awin1.com/cread.php?awinmid=118895&awinaffid=2104315&ued=https%3A%2F%2Fwww.lojadomecanico.com.br%2Fhotsite%2Fentrega-express","https://www.lojadomecanico.com.br/hotsite/entrega-express","","","no","19/01/2026 13:06:54","Entrega Expressa > Comprou Hoje Chegou Amanhã!",""
"3684678","Loja do Mecanico BR","118895","promotion","","Retire & Ganhe! Compre online e Retire na Loja para Receber um Cupom de desconto EXCLUSIVO para sua Próxima Compra!","19/01/2026 00:00:00","31/12/2026 23:59:59","Home & Garden","Brazil","...","https://www.awin1.com/cread.php?awinmid=118895&awinaffid=2104315&ued=https%3A%2F%2Fwww.lojadomecanico.com.br%2Fhotsite%2Fretira-e-ganhe","https://www.lojadomecanico.com.br/hotsite/retira-e-ganhe","","","no","19/01/2026 13:06:43","Retire & Ganhe! Compre online e Retire na Loja para Receber um Cupom de desconto EXCLUSIVO para sua Próxima Compra!",""
"3684676","Loja do Mecanico BR","118895","promotion","","Landing Page de Frete Grátis!","19/01/2026 00:00:00","31/12/2026 23:59:59","Home & Garden","Brazil","...","https://www.awin1.com/cread.php?awinmid=118895&awinaffid=2104315&ued=https%3A%2F%2Fwww.lojadomecanico.com.br%2Fbuscar%2Ffrete-gratis","https://www.lojadomecanico.com.br/buscar/frete-gratis","","","no","19/01/2026 13:06:34","Landing Page de Frete Grátis!",""
"3684672","Loja do Mecanico BR","118895","promotion","","Produtos em até 12x Sem Juros! Produtos que estão em campanha de PREÇO ÚNICO no site/app.","19/01/2026 00:00:00","31/12/2026 23:59:59","Home & Garden","Brazil","...","https://www.awin1.com/cread.php?awinmid=118895&awinaffid=2104315&ued=https%3A%2F%2Fwww.lojadomecanico.com.br%2Fhotsite%2Fprodutos-ate-12x-sem-juros","https://www.lojadomecanico.com.br/hotsite/produtos-ate-12x-sem-juros","","","no","19/01/2026 13:06:17","Produtos em até 12x Sem Juros! Produtos que estão em campanha de PREÇO ÚNICO no site/app.",""
"3684666","Loja do Mecanico BR","118895","promotion","","Melhor Preço Hoje! Lista de produtos ganhando Pricing Match contra concorrentes!","19/01/2026 00:00:00","31/12/2026 23:59:59","Home & Garden","Brazil","...","https://www.awin1.com/cread.php?awinmid=118895&awinaffid=2104315&ued=https%3A%2F%2Fwww.lojadomecanico.com.br%2Fhotsite%2Fmelhor-preco-hoje","https://www.lojadomecanico.com.br/hotsite/melhor-preco-hoje","","","no","19/01/2026 13:05:59","Melhor Preço Hoje! Lista de produtos ganhando Pricing Match contra concorrentes!",""
"3684660","Loja do Mecanico BR","118895","promotion","","Mais de R$1 Milhão em Cupons de Desconto!","19/01/2026 00:00:00","31/12/2026 23:59:59","Home & Garden","Brazil","...","https://www.awin1.com/cread.php?awinmid=118895&awinaffid=2104315&ued=https%3A%2F%2Fwww.lojadomecanico.com.br%2Fcupom-de-desconto","https://www.lojadomecanico.com.br/cupom-de-desconto","","","no","19/01/2026 13:05:41","Mais de R$1 Milhão em Cupons de Desconto!",""
"3634212","Loja do Mecanico BR","118895","promotion","","Entrega Expressa > Comprou Hoje. Chegou Amanhã!","15/12/2025 00:00:00","31/12/2026 23:59:59","Creative & Construction","Brazil","..","https://www.awin1.com/cread.php?awinmid=118895&awinaffid=2104315&ued=https%3A%2F%2Fwww.lojadomecanico.com.br%2Fhotsite%2Fretira-e-ganhe","https://www.lojadomecanico.com.br/hotsite/retira-e-ganhe","","","no","15/12/2025 17:44:13","Entrega Expressa > Comprou Hoje. Chegou Amanhã!",""
"3634192","Loja do Mecanico BR","118895","promotion","","Landing Page de Frete Grátis","15/12/2025 00:00:00","31/12/2026 23:59:59","Creative & Construction","Brazil","..","https://www.awin1.com/cread.php?awinmid=118895&awinaffid=2104315&ued=https%3A%2F%2Fwww.lojadomecanico.com.br%2Fbuscar%2Ffrete-gratis","https://www.lojadomecanico.com.br/buscar/frete-gratis","","","no","15/12/2025 17:42:32","Landing Page de Frete Grátis",""
"3634190","Loja do Mecanico BR","118895","promotion","","Produtos em até 12x Sem Juros! Produtos que estão em campanha de PREÇO ÚNICO no site/app.","15/12/2025 00:00:00","31/12/2026 23:59:59","Creative & Construction","Brazil","..","https://www.awin1.com/cread.php?awinmid=118895&awinaffid=2104315&ued=https%3A%2F%2Fwww.lojadomecanico.com.br%2Fhotsite%2Fprodutos-ate-12x-sem-juros","https://www.lojadomecanico.com.br/hotsite/produtos-ate-12x-sem-juros","","","no","15/12/2025 17:42:20","Produtos em até 12x Sem Juros! Produtos que estão em campanha de PREÇO ÚNICO no site/app.",""
"3634188","Loja do Mecanico BR","118895","promotion","","Melhor Preço Hoje! Lista de produtos ganhando Pricing Match contra concorrentes!","15/12/2025 00:00:00","31/12/2026 23:59:59","Creative & Construction","Brazil","..","https://www.awin1.com/cread.php?awinmid=118895&awinaffid=2104315&ued=https%3A%2F%2Fwww.lojadomecanico.com.br%2Fhotsite%2Fmelhor-preco-hoje","https://www.lojadomecanico.com.br/hotsite/melhor-preco-hoje","","","no","15/12/2025 17:42:11","Melhor Preço Hoje! Lista de produtos ganhando Pricing Match contra concorrentes!",""
"3634186","Loja do Mecanico BR","118895","promotion","","Mais de R$1 Milhão em Cupons de Desconto!","15/12/2025 00:00:00","31/12/2026 23:59:59","Creative & Construction","Brazil","..","https://www.awin1.com/cread.php?awinmid=118895&awinaffid=2104315&ued=https%3A%2F%2Fwww.lojadomecanico.com.br%2Fcupom-de-desconto","https://www.lojadomecanico.com.br/cupom-de-desconto","","","no","15/12/2025 17:42:00","Mais de R$1 Milhão em Cupons de Desconto!",""
"3575456","Chilli Beans BR","78310","voucher","BEMVINDO10","Desconto exclusivo para primeira compra no site, não cumulativo e não aplicável para categoria de acessórios","19/11/2025 16:47:00","31/12/2026 23:59:00","Women's Accessories","All Regions","10% Off na primeira compra
Desconto exclusivo para primeira compra no site, não cumulativo e não aplicável para categoria de acessórios","https://www.awin1.com/cread.php?awinmid=78310&awinaffid=2104315&ued=https%3A%2F%2Floja.chillibeans.com.br%2F","https://loja.chillibeans.com.br/","","","no","19/11/2025 16:47:03","10% Off na primeira compra",""
"3575284","Ropo BR","119649","voucher","ROPO10OFF","10% OFF - Não cumulativo com outros descontos; Válido para toda linha Ropo, exceto peças","19/11/2025 14:00:00","18/11/2026 13:57:00","Vacuum Cleaners,Other Appliances,House Accessories,Power Tools","All Regions","Não cumulativo com outros descontos;
Válido para toda linha Ropo, exceto peças.","https://www.awin1.com/cread.php?awinmid=119649&awinaffid=2104315&ued=https%3A%2F%2Fwww.ropo.com.br%2F","https://www.ropo.com.br/","","","no","19/11/2025 14:00:26","10% Off",""
"3402663","Lauri Esporte","118977","promotion","","Em qualquer compra em nossa loja, tenha frete grátis","25/08/2025 18:35:00","31/12/2026 18:34:00","Men's Footwear,Women's Footwear","All Regions","","https://www.awin1.com/cread.php?awinmid=118977&awinaffid=2104315&ued=https%3A%2F%2Fwww.lauriesporte.com.br%2F","https://www.lauriesporte.com.br/","","","no","25/08/2025 18:35:13","Frete Grátis para todo Brasil",""
"3383739","Lauri Esporte","118977","voucher","AWIN10","Utilize o cupom para receber 10% off em qualquer compra no site","13/08/2025 15:27:00","13/11/2026 15:25:00","Men's Footwear,Women's Footwear","Brazil","10% de desconto em todo site
Este desconto é cumulativo com o desconto em pagamento por PIX e Boleto, ou seja, pagando no Pix o cliente pode ter até 20% de desconto.","https://www.awin1.com/cread.php?awinmid=118977&awinaffid=2104315&ued=https%3A%2F%2Fwww.lauriesporte.com.br%2F","https://www.lauriesporte.com.br/","","","no","13/08/2025 15:27:39","10% De Desconto Em Todo Site",""
"2576042","Spicy BR","30615","voucher","100FRETE","cupom de frete grátis válido apenas para a primeira compra.","06/02/2024 16:15:00","31/12/2026 16:13:00","House Accessories","All Regions","Cupom de frete grátis válido apenas para primeira compra.
Válido para produtos vendidos e entregues por Spicy.","https://www.awin1.com/cread.php?awinmid=30615&awinaffid=2104315&ued=https%3A%2F%2Fwww.spicy.com.br%2F","https://www.spicy.com.br/","","","no","06/02/2024 16:15:01","Cupom de frete grátis",""
"2565806","Brinox Shop BR","25279","voucher","JOGOSDEPANELASBRINOX","Cupom de desconto 10% Destinado à categoria JOGOS DE PANELAS com o cupom JOGOSDEPANELASBRINOX para produtos não promocionados |+5%OFF no PIX ou BOLETO | Frete Grátis para pedidos a partir de R$ 249 para Sul, Sudeste e Centro Oeste | Parcelamento em até 10x sem juros","30/01/2024 17:33:00","24/02/9999 00:00:00","House Accessories,Cookware & Utensils","All Regions","-","https://www.awin1.com/cread.php?awinmid=25279&awinaffid=2104315&ued=https%3A%2F%2Fwww.brinoxshop.com.br%2F","https://www.brinoxshop.com.br/","","","no","30/01/2024 17:33:00","Cupom de desconto 10% Destinado à categoria JOGOS DE PANELAS com o cupom JOGOSDEPANELASBRINOX para produtos não promocionados |+5%OFF no PIX ou BOLETO | Frete Grátis para pedidos a partir de R$ 249 para Sul, Sudeste e Centro Oeste | Parcelamento em até 10x sem juros",""
"2348543","C&A BR","17648","voucher","AFILIADOS10","8% OFF em Apparel, beleza, óculos e relógios no site em compras a partir de R$ 199 | 10% OFF em Apparel, beleza, óculos e relógios no APP em compras a partir de R$ 199","25/08/2023 13:32:00","01/01/2030 23:59:00","General Clothing","Brazil",".","https://www.awin1.com/cread.php?awinmid=17648&awinaffid=2104315&ued=https%3A%2F%2Fwww.cea.com.br%2F","https://www.cea.com.br/","","","no","25/08/2023 13:32:31","8% OFF em Apparel, beleza, óculos e relógios no site em compras a partir de R$ 199 | 10% OFF em Apparel, beleza, óculos e relógios no APP em compras a partir de R$ 199",""
"2152833","Brinox Shop BR","25279","voucher","PANELASBRINOX","Cupom de 10% OFF em toda categoria de panelas","03/04/2023 07:55:00","23/02/9999 00:00:00","Anniversary Gifts,Wedding Gifts,House Accessories,Cookware & Utensils","All Regions","+5%OFF no PIX ou BOLETO | Frete Grátis para pedidos a partir de R$ 199 para Sul e Sudeste | Parcelamento em até 12x sem juros","https://www.awin1.com/cread.php?awinmid=25279&awinaffid=2104315&ued=https%3A%2F%2Fwww.brinoxshop.com.br%2Fpanelas","https://www.brinoxshop.com.br/panelas","","","no","03/04/2023 07:55:14","Cupom de 10% OFF em toda categoria de panelas",""
"1833313","Lego BR","30511","voucher","100frete","válido apenas para primeira compra do site","02/08/2022 12:52:00","31/12/2027 23:59:00","Baby Toys,Games, Puzzles & Learning,Other Toys","All Regions","cupom de frete grátis válido apenas para primeira compra.","https://www.awin1.com/cread.php?awinmid=30511&awinaffid=2104315&ued=https%3A%2F%2Fwww.legombrinq.com.br%2F","https://www.legombrinq.com.br/","","","no","02/08/2022 12:52:33","Cupom de frete grátis",""
